id,name,model_id:id,group_id:id,perm_read,perm_write,perm_create,perm_unlink
access_solienlac_hocky_all_l2,solienlac all hocky,model_solienlac_hocky,solienlac.group_systemadmin_l2,1,1,1,1
access_solienlac_caphoc_all_l2,solienlac all caphoc,model_solienlac_caphoc,solienlac.group_systemadmin_l2,1,1,1,1
access_solienlac_captruong_all_l2,solienlac all captruong,model_solienlac_captruong,solienlac.group_systemadmin_l2,1,1,1,1
access_solienlac_hangtruong_all_l2,solienlac all hangtruong,model_solienlac_hangtruong,solienlac.group_systemadmin_l2,1,1,1,1
access_solienlac_loaihinhtruong_all_l2,solienlac all loaihinhtruong,model_solienlac_loaihinhtruong,solienlac.group_systemadmin_l2,1,1,1,1
access_solienlac_truongchuyenbiet_all_l2,solienlac all truongchuyenbiet,model_solienlac_truongchuyenbiet,solienlac.group_systemadmin_l2,1,1,1,1
access_solienlac_loailopnho_all_l2,solienlac all loailopnho,model_solienlac_loailopnho,solienlac.group_systemadmin_l2,1,1,1,1
access_solienlac_truong_all_l2,solienlac all truong,model_solienlac_truong,solienlac.group_systemadmin_l2,1,1,1,1
access_solienlac_giaovien_all_l2,solienlac all giaovien,model_solienlac_giaovien,solienlac.group_systemadmin_l2,1,1,1,1
access_solienlac_monhoc_has_giaovien_all_l2,solienlac all monhoc_has_giaovien,model_solienlac_monhoc_has_giaovien,solienlac.group_systemadmin_l2,1,1,1,1
access_solienlac_lop_has_giaovien_all_l2,solienlac all lop_has_giaovien,model_solienlac_lop_has_giaovien,solienlac.group_systemadmin_l2,1,1,1,1
access_solienlac_to_all_l2,solienlac all to,model_solienlac_to,solienlac.group_systemadmin_l2,1,1,1,1
access_solienlac_phuongxa_all_l2,solienlac all phuongxa,model_solienlac_phuongxa,solienlac.group_systemadmin_l2,1,1,1,1
access_solienlac_quanhuyen_all_l2,solienlac all quanhuyen,model_solienlac_quanhuyen,solienlac.group_systemadmin_l2,1,1,1,1
access_solienlac_tinhthanhpho_all_l2,solienlac all tinhthanhpho,model_solienlac_tinhthanhpho,solienlac.group_systemadmin_l2,1,1,1,1
access_solienlac_dantoc_all_l2,solienlac all dantoc,model_solienlac_dantoc,solienlac.group_systemadmin_l2,1,1,1,1
access_solienlac_tongiao_all_l2,solienlac all tongiao,model_solienlac_tongiao,solienlac.group_systemadmin_l2,1,1,1,1
access_solienlac_phongban_all_l2,solienlac all phongban,model_solienlac_phongban,solienlac.group_systemadmin_l2,1,1,1,1
access_solienlac_doituongchinhsach_all_l2,solienlac all doituongchinhsach,model_solienlac_doituongchinhsach,solienlac.group_systemadmin_l2,1,1,1,1
access_solienlac_doituonguutien_all_l2,solienlac all doituonguutien,model_solienlac_doituonguutien,solienlac.group_systemadmin_l2,1,1,1,1
access_solienlac_khenthuongkyluat_all_l2,solienlac all khenthuongkyluat,model_solienlac_khenthuongkyluat,solienlac.group_systemadmin_l2,1,1,1,1
access_solienlac_kyluathocsinh_all_l2,solienlac all kyluathocsinh ,model_solienlac_kyluathocsinh,solienlac.group_systemadmin_l2,1,1,1,1
access_solienlac_khenthuonghocsinh_all_l2,solienlac all khenthuonghocsinh,model_solienlac_khenthuonghocsinh,solienlac.group_systemadmin_l2,1,1,1,1
access_solienlac_khenthuongkyluat_hocsinh_all_l2,solienlac all khenthuongkyluat_hocsinh,model_solienlac_khenthuongkyluat_hocsinh,solienlac.group_systemadmin_l2,1,1,1,1
access_solienlac_tuyenhoc_all_l2,solienlac all tuyenhoc,model_solienlac_tuyenhoc,solienlac.group_systemadmin_l2,1,1,1,1
access_solienlac_khoi_all_l2,solienlac all khoi,model_solienlac_khoi,solienlac.group_systemadmin_l2,1,1,1,1
access_solienlac_hanhkiem_all_l2,solienlac all hanhkiem,model_solienlac_hanhkiem,solienlac.group_systemadmin_l2,1,1,1,1
access_solienlac_phuhuynh_all_l2,solienlac all phuhuynh,model_solienlac_phuhuynh,solienlac.group_systemadmin_l2,1,1,1,1
access_solienlac_bomon_all_l2,solienlac all bomon,model_solienlac_bomon,solienlac.group_systemadmin_l2,1,1,1,1
access_solienlac_bangdiemdanh_all_l2,solienlac all bangdiemdanh,model_solienlac_bangdiemdanh,solienlac.group_systemadmin_l2,1,1,1,1
access_solienlac_hocsinh_all_l2,solienlac all hocsinh,model_solienlac_hocsinh,solienlac.group_systemadmin_l2,1,1,1,1
access_solienlac_lydothoihoc_all_l2,solienlac all lydothoihoc,model_solienlac_lydothoihoc,solienlac.group_systemadmin_l2,1,1,1,1
access_solienlac_nguongochocsinh_all_l2,solienlac all nguongochocsinh,model_solienlac_nguongochocsinh,solienlac.group_systemadmin_l2,1,1,1,1
access_solienlac_monhocnghe_all_l2,solienlac all monhocnghe,model_solienlac_monhocnghe,solienlac.group_systemadmin_l2,1,1,1,1
access_solienlac_tochucdoanthe_all_l2,solienlac all tochucdoanthe,model_solienlac_tochucdoanthe,solienlac.group_systemadmin_l2,1,1,1,1
access_solienlac_lop_all_l2,solienlac all lop,model_solienlac_lop,solienlac.group_systemadmin_l2,1,1,1,1
access_solienlac_banhoc_all_l2,solienlac all banhoc,model_solienlac_banhoc,solienlac.group_systemadmin_l2,1,1,1,1
access_solienlac_monhoc_all_l2,solienlac all monhoc,model_solienlac_monhoc,solienlac.group_systemadmin_l2,1,1,1,1
access_solienlac_ketquahoctap_all_l2,solienlac all ketquahoctap,model_solienlac_ketquahoctap,solienlac.group_systemadmin_l2,1,1,1,1
access_solienlac_loaidiem_all_l2,solienlac all loaidiem,model_solienlac_loaidiem,solienlac.group_systemadmin_l2,1,1,1,1
access_solienlac_diem_all_l2,solienlac all diem,model_solienlac_diem,solienlac.group_systemadmin_l2,1,1,1,1
access_solienlac_chucvu_all_l2,solienlac all chucvu,model_solienlac_chucvu,solienlac.group_systemadmin_l2,1,1,1,1
access_solienlac_nenep_all_l2,solienlac all nenep,model_solienlac_nenep,solienlac.group_systemadmin_l2,1,1,1,1
access_solienlac_diemthanhphan_all_l2,solienlac all diemthanhphan,model_solienlac_diemthanhphan,solienlac.group_systemadmin_l2,1,1,1,1
access_solienlac_bangdiem_thanhphan_all_l2,solienlac all bangdiem_thanhphan,model_solienlac_bangdiem_thanhphan,solienlac.group_systemadmin_l2,1,1,1,1
access_solienlac_bangdiem_all_l2,solienlac all bangdiem,model_solienlac_bangdiem,solienlac.group_systemadmin_l2,1,1,1,1
access_solienlac_danhhieuhocsinh_all_l2,solienlac all danhhieuhocsinh,model_solienlac_danhhieuhocsinh,solienlac.group_systemadmin_l2,1,1,1,1
access_solienlac_nhapdiemhocsinh_all_l2,solienlac all nhapdiemhocsinh,model_solienlac_nhapdiemhocsinh,solienlac.group_systemadmin_l2,1,1,1,1
access_solienlac_nhapdiemchitiet_all_l2,solienlac all nhapdiemchitiet,model_solienlac_nhapdiemchitiet,solienlac.group_systemadmin_l2,1,1,1,1
access_solienlac_diemdanhchitiet_all_l2,solienlac all diemdanhchitiet,model_solienlac_diemdanhchitiet,solienlac.group_systemadmin_l2,1,1,1,1
access_solienlac_baocao_xlhkhshnkt_all_l2,solienlac all baocao_xlhkhshnkt,model_solienlac_baocao_xlhkhshnkt,solienlac.group_systemadmin_l2,1,1,1,1
access_solienlac_baocao_xlhkhsdt_all_l2,solienlac all baocao_xlhkhsdt,model_solienlac_baocao_xlhkhsdt,solienlac.group_systemadmin_l2,1,1,1,1
access_solienlac_baocao_xlhlhshnkt_all_l2,solienlac all baocao_xlhlhshnkt,model_solienlac_baocao_xlhlhshnkt,solienlac.group_systemadmin_l2,1,1,1,1
access_solienlac_baocao_xlhlhsdt_all_l2,solienlac all baocao_xlhlhsdt,model_solienlac_baocao_xlhlhsdt,solienlac.group_systemadmin_l2,1,1,1,1
access_solienlac_baocao_thhsth_all_l2,solienlac all baocao_thhsth,model_solienlac_baocao_thhsth,solienlac.group_systemadmin_l2,1,1,1,1
access_solienlac_gvdd_hskt_all_l2,solienlac all gvdd_hskt,model_solienlac_gvdd_hskt,solienlac.group_systemadmin_l2,1,1,1,1
access_solienlac_xeploaihanhkiem_all_l2,solienlac all xeploaihanhkiem,model_solienlac_xeploaihanhkiem,solienlac.group_systemadmin_l2,1,1,1,1
access_solienlac_xeploaihocluc_all_l2,solienlac all xeploaihocluc,model_solienlac_xeploaihocluc,solienlac.group_systemadmin_l2,1,1,1,1
access_solienlac_hocsinhtruongngoaiconglap_all_l2,solienlac all hocsinhtruongngoaiconglap,model_solienlac_hocsinhtruongngoaiconglap,solienlac.group_systemadmin_l2,1,1,1,1
access_solienlac_hocsinhnutruongngoaiconglap_all_l2,solienlac all hocsinhnutruongngoaiconglap,model_solienlac_hocsinhnutruongngoaiconglap,solienlac.group_systemadmin_l2,1,1,1,1
access_solienlac_giaovientruongngoaiconglap_all_l2,solienlac all giaovientruongngoaiconglap,model_solienlac_giaovientruongngoaiconglap,solienlac.group_systemadmin_l2,1,1,1,1
access_solienlac_hocky_all,solienlac all hocky,model_solienlac_hocky,solienlac.group_systemadmin_l3,1,0,0,0
access_solienlac_caphoc_all,solienlac all caphoc,model_solienlac_caphoc,solienlac.group_systemadmin_l3,1,0,0,0
access_solienlac_captruong_all,solienlac all captruong,model_solienlac_captruong,solienlac.group_systemadmin_l3,1,0,0,0
access_solienlac_hangtruong_all,solienlac all hangtruong,model_solienlac_hangtruong,solienlac.group_systemadmin_l3,1,0,0,0
access_solienlac_loaihinhtruong_all,solienlac all loaihinhtruong,model_solienlac_loaihinhtruong,solienlac.group_systemadmin_l3,1,0,0,0
access_solienlac_truongchuyenbiet_all,solienlac all truongchuyenbiet,model_solienlac_truongchuyenbiet,solienlac.group_systemadmin_l3,1,0,0,0
access_solienlac_loailopnho_all,solienlac all loailopnho,model_solienlac_loailopnho,solienlac.group_systemadmin_l3,1,0,0,0
access_solienlac_truong_all,solienlac all truong,model_solienlac_truong,solienlac.group_systemadmin_l3,1,0,0,0
access_solienlac_giaovien_all,solienlac all giaovien,model_solienlac_giaovien,solienlac.group_systemadmin_l3,1,0,0,0
access_solienlac_monhoc_has_giaovien_all,solienlac all monhoc_has_giaovien,model_solienlac_monhoc_has_giaovien,solienlac.group_systemadmin_l3,1,0,0,0
access_solienlac_lop_has_giaovien_all,solienlac all lop_has_giaovien,model_solienlac_lop_has_giaovien,solienlac.group_systemadmin_l3,1,0,0,0
access_solienlac_to_all,solienlac all to,model_solienlac_to,solienlac.group_systemadmin_l3,1,0,0,0
access_solienlac_phuongxa_all,solienlac all phuongxa,model_solienlac_phuongxa,solienlac.group_systemadmin_l3,1,0,0,0
access_solienlac_quanhuyen_all,solienlac all quanhuyen,model_solienlac_quanhuyen,solienlac.group_systemadmin_l3,1,0,0,0
access_solienlac_tinhthanhpho_all,solienlac all tinhthanhpho,model_solienlac_tinhthanhpho,solienlac.group_systemadmin_l3,1,0,0,0
access_solienlac_dantoc_all,solienlac all dantoc,model_solienlac_dantoc,solienlac.group_systemadmin_l3,1,0,0,0
access_solienlac_tongiao_all,solienlac all tongiao,model_solienlac_tongiao,solienlac.group_systemadmin_l3,1,0,0,0
access_solienlac_phongban_all,solienlac all phongban,model_solienlac_phongban,solienlac.group_systemadmin_l3,1,0,0,0
access_solienlac_doituongchinhsach_all,solienlac all doituongchinhsach,model_solienlac_doituongchinhsach,solienlac.group_systemadmin_l3,1,0,0,0
access_solienlac_doituonguutien_all,solienlac all doituonguutien,model_solienlac_doituonguutien,solienlac.group_systemadmin_l3,1,0,0,0
access_solienlac_khenthuongkyluat_all,solienlac all khenthuongkyluat,model_solienlac_khenthuongkyluat,solienlac.group_systemadmin_l3,1,0,0,0
access_solienlac_kyluathocsinh_all,solienlac all kyluathocsinh ,model_solienlac_kyluathocsinh,solienlac.group_systemadmin_l3,1,0,0,0
access_solienlac_khenthuonghocsinh_all,solienlac all khenthuonghocsinh,model_solienlac_khenthuonghocsinh,solienlac.group_systemadmin_l3,1,0,0,0
access_solienlac_khenthuongkyluat_hocsinh_all,solienlac all khenthuongkyluat_hocsinh,model_solienlac_khenthuongkyluat_hocsinh,solienlac.group_systemadmin_l3,1,0,0,0
access_solienlac_tuyenhoc_all,solienlac all tuyenhoc,model_solienlac_tuyenhoc,solienlac.group_systemadmin_l3,1,0,0,0
access_solienlac_khoi_all,solienlac all khoi,model_solienlac_khoi,solienlac.group_systemadmin_l3,1,0,0,0
access_solienlac_hanhkiem_all,solienlac all hanhkiem,model_solienlac_hanhkiem,solienlac.group_systemadmin_l3,1,0,0,0
access_solienlac_phuhuynh_all,solienlac all phuhuynh,model_solienlac_phuhuynh,solienlac.group_systemadmin_l3,1,0,0,0
access_solienlac_bomon_all,solienlac all bomon,model_solienlac_bomon,solienlac.group_systemadmin_l3,1,0,0,0
access_solienlac_bangdiemdanh_all,solienlac all bangdiemdanh,model_solienlac_bangdiemdanh,solienlac.group_systemadmin_l3,1,0,0,0
access_solienlac_hocsinh_all,solienlac all hocsinh,model_solienlac_hocsinh,solienlac.group_systemadmin_l3,1,0,0,0
access_solienlac_lydothoihoc_all,solienlac all lydothoihoc,model_solienlac_lydothoihoc,solienlac.group_systemadmin_l3,1,0,0,0
access_solienlac_nguongochocsinh_all,solienlac all nguongochocsinh,model_solienlac_nguongochocsinh,solienlac.group_systemadmin_l3,1,0,0,0
access_solienlac_monhocnghe_all,solienlac all monhocnghe,model_solienlac_monhocnghe,solienlac.group_systemadmin_l3,1,0,0,0
access_solienlac_tochucdoanthe_all,solienlac all tochucdoanthe,model_solienlac_tochucdoanthe,solienlac.group_systemadmin_l3,1,0,0,0
access_solienlac_lop_all,solienlac all lop,model_solienlac_lop,solienlac.group_systemadmin_l3,1,0,0,0
access_solienlac_banhoc_all,solienlac all banhoc,model_solienlac_banhoc,solienlac.group_systemadmin_l3,1,0,0,0
access_solienlac_monhoc_all,solienlac all monhoc,model_solienlac_monhoc,solienlac.group_systemadmin_l3,1,0,0,0
access_solienlac_ketquahoctap_all,solienlac all ketquahoctap,model_solienlac_ketquahoctap,solienlac.group_systemadmin_l3,1,0,0,0
access_solienlac_loaidiem_all,solienlac all loaidiem,model_solienlac_loaidiem,solienlac.group_systemadmin_l3,1,0,0,0
access_solienlac_diem_all,solienlac all diem,model_solienlac_diem,solienlac.group_systemadmin_l3,1,0,0,0
access_solienlac_chucvu_all,solienlac all chucvu,model_solienlac_chucvu,solienlac.group_systemadmin_l3,1,0,0,0
access_solienlac_nenep_all,solienlac all nenep,model_solienlac_nenep,solienlac.group_systemadmin_l3,1,0,0,0
access_solienlac_diemthanhphan_all,solienlac all diemthanhphan,model_solienlac_diemthanhphan,solienlac.group_systemadmin_l3,1,0,0,0
access_solienlac_bangdiem_thanhphan_all,solienlac all bangdiem_thanhphan,model_solienlac_bangdiem_thanhphan,solienlac.group_systemadmin_l3,1,0,0,0
access_solienlac_bangdiem_all,solienlac all bangdiem,model_solienlac_bangdiem,solienlac.group_systemadmin_l3,1,0,0,0
access_solienlac_danhhieuhocsinh_all,solienlac all danhhieuhocsinh,model_solienlac_danhhieuhocsinh,solienlac.group_systemadmin_l3,1,0,0,0
access_solienlac_nhapdiemhocsinh_all,solienlac all nhapdiemhocsinh,model_solienlac_nhapdiemhocsinh,solienlac.group_systemadmin_l3,1,0,0,0
access_solienlac_nhapdiemchitiet_all,solienlac all nhapdiemchitiet,model_solienlac_nhapdiemchitiet,solienlac.group_systemadmin_l3,1,0,0,0
access_solienlac_diemdanhchitiet_all,solienlac all diemdanhchitiet,model_solienlac_diemdanhchitiet,solienlac.group_systemadmin_l3,1,0,0,0
access_solienlac_baocao_xlhkhshnkt_all,solienlac all baocao_xlhkhshnkt,model_solienlac_baocao_xlhkhshnkt,solienlac.group_systemadmin_l3,1,0,0,0
access_solienlac_baocao_xlhkhsdt_all,solienlac all baocao_xlhkhsdt,model_solienlac_baocao_xlhkhsdt,solienlac.group_systemadmin_l3,1,0,0,0
access_solienlac_baocao_xlhlhshnkt_all,solienlac all baocao_xlhlhshnkt,model_solienlac_baocao_xlhlhshnkt,solienlac.group_systemadmin_l3,1,0,0,0
access_solienlac_baocao_xlhlhsdt_all,solienlac all baocao_xlhlhsdt,model_solienlac_baocao_xlhlhsdt,solienlac.group_systemadmin_l3,1,0,0,0
access_solienlac_baocao_thhsth_all,solienlac all baocao_thhsth,model_solienlac_baocao_thhsth,solienlac.group_systemadmin_l3,1,0,0,0
access_solienlac_gvdd_hskt_all,solienlac all gvdd_hskt,model_solienlac_gvdd_hskt,solienlac.group_systemadmin_l3,1,0,0,0
access_solienlac_xeploaihanhkiem_all,solienlac all xeploaihanhkiem,model_solienlac_xeploaihanhkiem,solienlac.group_systemadmin_l3,1,0,0,0
access_solienlac_xeploaihocluc_all,solienlac all xeploaihocluc,model_solienlac_xeploaihocluc,solienlac.group_systemadmin_l3,1,0,0,0
access_solienlac_hocsinhtruongngoaiconglap_all,solienlac all hocsinhtruongngoaiconglap,model_solienlac_hocsinhtruongngoaiconglap,solienlac.group_systemadmin_l3,1,0,0,0
access_solienlac_hocsinhnutruongngoaiconglap_all,solienlac all hocsinhnutruongngoaiconglap,model_solienlac_hocsinhnutruongngoaiconglap,solienlac.group_systemadmin_l3,1,0,0,0
access_solienlac_giaovientruongngoaiconglap_all,solienlac all giaovientruongngoaiconglap,model_solienlac_giaovientruongngoaiconglap,solienlac.group_systemadmin_l3,1,0,0,0
access_solienlac_truong_read,solienlac all truong,model_solienlac_truong,group_customer,1,0,0,0
access_solienlac_giaovien_read,solienlac all giaovien,model_solienlac_giaovien,group_customer,1,0,0,0
access_solienlac_monhoc_has_giaovien_read,solienlac all monhoc_has_giaovien,model_solienlac_monhoc_has_giaovien,group_customer,1,0,0,0
access_solienlac_lop_has_giaovien_read,solienlac all lop_has_giaovien,model_solienlac_lop_has_giaovien,group_customer,1,0,0,0
access_solienlac_to_read,solienlac all to,model_solienlac_to,group_customer,1,0,0,0
access_solienlac_phuongxa_read,solienlac all phuongxa,model_solienlac_phuongxa,group_customer,1,0,0,0
access_solienlac_quanhuyen_read,solienlac all quanhuyen,model_solienlac_quanhuyen,group_customer,1,0,0,0
access_solienlac_tinhthanhpho_read,solienlac all tinhthanhpho,model_solienlac_tinhthanhpho,group_customer,1,0,0,0
access_solienlac_dantoc_read,solienlac all dantoc,model_solienlac_dantoc,group_customer,1,0,0,0
access_solienlac_tongiao_read,solienlac all tongiao,model_solienlac_tongiao,group_customer,1,0,0,0
access_solienlac_phongban_read,solienlac all phongban,model_solienlac_phongban,group_customer,1,0,0,0
access_solienlac_doituongchinhsach_read,solienlac all doituongchinhsach,model_solienlac_doituongchinhsach,group_customer,1,0,0,0
access_solienlac_doituonguutien_read,solienlac all doituonguutien,model_solienlac_doituonguutien,group_customer,1,0,0,0
access_solienlac_khenthuongkyluat_read,solienlac all khenthuongkyluat,model_solienlac_khenthuongkyluat,group_customer,1,0,0,0
access_solienlac_kyluathocsinh_read,solienlac all kyluathocsinh ,model_solienlac_kyluathocsinh,group_customer,1,0,0,0
access_solienlac_khenthuonghocsinh_read,solienlac all khenthuonghocsinh,model_solienlac_khenthuonghocsinh,group_customer,1,0,0,0
access_solienlac_khenthuongkyluat_hocsinh_read,solienlac all khenthuongkyluat_hocsinh,model_solienlac_khenthuongkyluat_hocsinh,group_customer,1,0,0,0
access_solienlac_tuyenhoc_read,solienlac all tuyenhoc,model_solienlac_tuyenhoc,group_customer,1,0,0,0
access_solienlac_khoi_read,solienlac all khoi,model_solienlac_khoi,group_customer,1,0,0,0
access_solienlac_hanhkiem_read,solienlac all hanhkiem,model_solienlac_hanhkiem,group_customer,1,0,0,0
access_solienlac_phuhuynh_read,solienlac all phuhuynh,model_solienlac_phuhuynh,group_customer,1,0,0,0
access_solienlac_bomon_read,solienlac all bomon,model_solienlac_bomon,group_customer,1,0,0,0
access_solienlac_bangdiemdanh_read,solienlac all bangdiemdanh,model_solienlac_bangdiemdanh,group_customer,1,0,0,0
access_solienlac_hocsinh_read,solienlac all hocsinh,model_solienlac_hocsinh,group_customer,1,0,0,0
access_solienlac_lydothoihoc_read,solienlac all lydothoihoc,model_solienlac_lydothoihoc,group_customer,1,0,0,0
access_solienlac_nguongochocsinh_read,solienlac all nguongochocsinh,model_solienlac_nguongochocsinh,group_customer,1,0,0,0
access_solienlac_monhocnghe_read,solienlac all monhocnghe,model_solienlac_monhocnghe,group_customer,1,0,0,0
access_solienlac_tochucdoanthe_read,solienlac all tochucdoanthe,model_solienlac_tochucdoanthe,group_customer,1,0,0,0
access_solienlac_lop_read,solienlac all lop,model_solienlac_lop,group_customer,1,0,0,0
access_solienlac_banhoc_read,solienlac all banhoc,model_solienlac_banhoc,group_customer,1,0,0,0
access_solienlac_monhoc_read,solienlac all monhoc,model_solienlac_monhoc,group_customer,1,0,0,0
access_solienlac_ketquahoctap_read,solienlac all ketquahoctap,model_solienlac_ketquahoctap,group_customer,1,0,0,0
access_solienlac_loaidiem_read,solienlac all loaidiem,model_solienlac_loaidiem,group_customer,1,0,0,0
access_solienlac_diem_read,solienlac all diem,model_solienlac_diem,group_customer,1,0,0,0
access_solienlac_chucvu_read,solienlac all chucvu,model_solienlac_chucvu,group_customer,1,0,0,0
access_solienlac_nenep_read,solienlac all nenep,model_solienlac_nenep,group_customer,1,0,0,0
access_solienlac_diemthanhphan_read,solienlac all diemthanhphan,model_solienlac_diemthanhphan,group_customer,1,0,0,0
access_solienlac_bangdiem_thanhphan_read,solienlac all bangdiem_thanhphan,model_solienlac_bangdiem_thanhphan,group_customer,1,0,0,0
access_solienlac_bangdiem_read,solienlac all bangdiem,model_solienlac_bangdiem,group_customer,1,0,0,0
access_solienlac_danhhieuhocsinh_read,solienlac all danhhieuhocsinh,model_solienlac_danhhieuhocsinh,group_customer,1,0,0,0
access_solienlac_nhapdiemhocsinh_read,solienlac all nhapdiemhocsinh,model_solienlac_nhapdiemhocsinh,group_customer,1,0,0,0
access_solienlac_nhapdiemchitiet_read,solienlac all nhapdiemchitiet,model_solienlac_nhapdiemchitiet,group_customer,1,0,0,0
access_solienlac_diemdanhchitiet_read,solienlac all diemdanhchitiet,model_solienlac_diemdanhchitiet,group_customer,1,0,0,0
solienlac_hocky_solienlac_group_schooladmin_l1_1,solienlac hocky solienlac group schooladmin l1 1,model_solienlac_hocky,solienlac.group_schooladmin_l1,1,1,1,1
solienlac_caphoc_solienlac_group_schooladmin_l1_1,solienlac caphoc solienlac group schooladmin l1 1,model_solienlac_caphoc,solienlac.group_schooladmin_l1,1,0,0,0
solienlac_captruong_solienlac_group_schooladmin_l1_2,solienlac captruong solienlac group schooladmin l1 2,model_solienlac_captruong,solienlac.group_schooladmin_l1,1,0,0,0
solienlac_hangtruong_solienlac_group_schooladmin_l1_3,solienlac hangtruong solienlac group schooladmin l1 3,model_solienlac_hangtruong,solienlac.group_schooladmin_l1,1,0,0,0
solienlac_loaihinhtruong_solienlac_group_schooladmin_l1_4,solienlac loaihinhtruong solienlac group schooladmin l1 4,model_solienlac_loaihinhtruong,solienlac.group_schooladmin_l1,1,0,0,0
solienlac_truongchuyenbiet_solienlac_group_schooladmin_l1_5,solienlac truongchuyenbiet solienlac group schooladmin l1 5,model_solienlac_truongchuyenbiet,solienlac.group_schooladmin_l1,1,0,0,0
solienlac_loailopnho_solienlac_group_schooladmin_l1_6,solienlac loailopnho solienlac group schooladmin l1 6,model_solienlac_loailopnho,solienlac.group_schooladmin_l1,1,0,0,0
solienlac_truong_solienlac_group_schooladmin_l1_7,solienlac truong solienlac group schooladmin l1 7,model_solienlac_truong,solienlac.group_schooladmin_l1,1,0,0,0
solienlac_giaovien_solienlac_group_schooladmin_l1_8,solienlac giaovien solienlac group schooladmin l1 8,model_solienlac_giaovien,solienlac.group_schooladmin_l1,1,1,1,1
solienlac_monhoc_has_giaovien_solienlac_group_schooladmin_l1_9,solienlac monhoc has giaovien solienlac group schooladmin l1 9,model_solienlac_monhoc_has_giaovien,solienlac.group_schooladmin_l1,1,1,1,1
solienlac_lop_has_giaovien_solienlac_group_schooladmin_l1_10,solienlac lop has giaovien solienlac group schooladmin l1 10,model_solienlac_lop_has_giaovien,solienlac.group_schooladmin_l1,1,1,1,1
solienlac_to_solienlac_group_schooladmin_l1_11,solienlac to solienlac group schooladmin l1 11,model_solienlac_to,solienlac.group_schooladmin_l1,1,1,1,1
solienlac_phuongxa_solienlac_group_schooladmin_l1_12,solienlac phuongxa solienlac group schooladmin l1 12,model_solienlac_phuongxa,solienlac.group_schooladmin_l1,1,0,0,0
solienlac_quanhuyen_solienlac_group_schooladmin_l1_13,solienlac quanhuyen solienlac group schooladmin l1 13,model_solienlac_quanhuyen,solienlac.group_schooladmin_l1,1,0,0,0
solienlac_tinhthanhpho_solienlac_group_schooladmin_l1_14,solienlac tinhthanhpho solienlac group schooladmin l1 14,model_solienlac_tinhthanhpho,solienlac.group_schooladmin_l1,1,0,0,0
solienlac_dantoc_solienlac_group_schooladmin_l1_15,solienlac dantoc solienlac group schooladmin l1 15,model_solienlac_dantoc,solienlac.group_schooladmin_l1,1,0,0,0
solienlac_tongiao_solienlac_group_schooladmin_l1_16,solienlac tongiao solienlac group schooladmin l1 16,model_solienlac_tongiao,solienlac.group_schooladmin_l1,1,0,0,0
solienlac_phongban_solienlac_group_schooladmin_l1_17,solienlac phongban solienlac group schooladmin l1 17,model_solienlac_phongban,solienlac.group_schooladmin_l1,1,1,1,1
solienlac_doituongchinhsach_solienlac_group_schooladmin_l1_18,solienlac doituongchinhsach solienlac group schooladmin l1 18,model_solienlac_doituongchinhsach,solienlac.group_schooladmin_l1,1,0,0,0
solienlac_doituonguutien_solienlac_group_schooladmin_l1_19,solienlac doituonguutien solienlac group schooladmin l1 19,model_solienlac_doituonguutien,solienlac.group_schooladmin_l1,1,0,0,0
solienlac_khenthuongkyluat_solienlac_group_schooladmin_l1_20,solienlac khenthuongkyluat solienlac group schooladmin l1 20,model_solienlac_khenthuongkyluat,solienlac.group_schooladmin_l1,1,1,1,1
solienlac_kyluathocsinh_solienlac_group_schooladmin_l1_21,solienlac kyluathocsinh solienlac group schooladmin l1 21,model_solienlac_kyluathocsinh,solienlac.group_schooladmin_l1,1,1,1,1
solienlac_khenthuonghocsinh_solienlac_group_schooladmin_l1_22,solienlac khenthuonghocsinh solienlac group schooladmin l1 22,model_solienlac_khenthuonghocsinh,solienlac.group_schooladmin_l1,1,1,1,1
solienlac_khenthuongkyluat_hocsinh_solienlac_group_schooladmin_l1_23,solienlac khenthuongkyluat hocsinh solienlac group schooladmin l1 23,model_solienlac_khenthuongkyluat_hocsinh,solienlac.group_schooladmin_l1,1,1,1,1
solienlac_tuyenhoc_solienlac_group_schooladmin_l1_24,solienlac tuyenhoc solienlac group schooladmin l1 24,model_solienlac_tuyenhoc,solienlac.group_schooladmin_l1,1,0,0,0
solienlac_khoi_solienlac_group_schooladmin_l1_25,solienlac khoi solienlac group schooladmin l1 25,model_solienlac_khoi,solienlac.group_schooladmin_l1,1,1,1,1
solienlac_hanhkiem_solienlac_group_schooladmin_l1_26,solienlac hanhkiem solienlac group schooladmin l1 26,model_solienlac_hanhkiem,solienlac.group_schooladmin_l1,1,1,1,1
solienlac_phuhuynh_solienlac_group_schooladmin_l1_27,solienlac phuhuynh solienlac group schooladmin l1 27,model_solienlac_phuhuynh,solienlac.group_schooladmin_l1,1,1,1,1
solienlac_bomon_solienlac_group_schooladmin_l1_28,solienlac bomon solienlac group schooladmin l1 28,model_solienlac_bomon,solienlac.group_schooladmin_l1,1,1,1,1
solienlac_bangdiemdanh_solienlac_group_schooladmin_l1_29,solienlac bangdiemdanh solienlac group schooladmin l1 29,model_solienlac_bangdiemdanh,solienlac.group_schooladmin_l1,1,1,1,1
solienlac_hocsinh_solienlac_group_schooladmin_l1_30,solienlac hocsinh solienlac group schooladmin l1 30,model_solienlac_hocsinh,solienlac.group_schooladmin_l1,1,1,1,1
solienlac_lydothoihoc_solienlac_group_schooladmin_l1_31,solienlac lydothoihoc solienlac group schooladmin l1 31,model_solienlac_lydothoihoc,solienlac.group_schooladmin_l1,1,1,1,1
solienlac_nguongochocsinh_solienlac_group_schooladmin_l1_32,solienlac nguongochocsinh solienlac group schooladmin l1 32,model_solienlac_nguongochocsinh,solienlac.group_schooladmin_l1,1,1,1,1
solienlac_monhocnghe_solienlac_group_schooladmin_l1_33,solienlac monhocnghe solienlac group schooladmin l1 33,model_solienlac_monhocnghe,solienlac.group_schooladmin_l1,1,1,1,1
solienlac_tochucdoanthe_solienlac_group_schooladmin_l1_34,solienlac tochucdoanthe solienlac group schooladmin l1 34,model_solienlac_tochucdoanthe,solienlac.group_schooladmin_l1,1,1,1,1
solienlac_lop_solienlac_group_schooladmin_l1_35,solienlac lop solienlac group schooladmin l1 35,model_solienlac_lop,solienlac.group_schooladmin_l1,1,1,1,1
solienlac_banhoc_solienlac_group_schooladmin_l1_36,solienlac banhoc solienlac group schooladmin l1 36,model_solienlac_banhoc,solienlac.group_schooladmin_l1,1,1,1,1
solienlac_monhoc_solienlac_group_schooladmin_l1_37,solienlac monhoc solienlac group schooladmin l1 37,model_solienlac_monhoc,solienlac.group_schooladmin_l1,1,1,1,1
solienlac_ketquahoctap_solienlac_group_schooladmin_l1_38,solienlac ketquahoctap solienlac group schooladmin l1 38,model_solienlac_ketquahoctap,solienlac.group_schooladmin_l1,1,1,1,1
solienlac_loaidiem_solienlac_group_schooladmin_l1_39,solienlac loaidiem solienlac group schooladmin l1 39,model_solienlac_loaidiem,solienlac.group_schooladmin_l1,1,1,1,1
solienlac_diem_solienlac_group_schooladmin_l1_40,solienlac diem solienlac group schooladmin l1 40,model_solienlac_diem,solienlac.group_schooladmin_l1,1,1,1,1
solienlac_chucvu_solienlac_group_schooladmin_l1_41,solienlac chucvu solienlac group schooladmin l1 41,model_solienlac_chucvu,solienlac.group_schooladmin_l1,1,1,1,1
solienlac_nenep_solienlac_group_schooladmin_l1_42,solienlac nenep solienlac group schooladmin l1 42,model_solienlac_nenep,solienlac.group_schooladmin_l1,1,1,1,1
solienlac_diemthanhphan_solienlac_group_schooladmin_l1_43,solienlac diemthanhphan solienlac group schooladmin l1 43,model_solienlac_diemthanhphan,solienlac.group_schooladmin_l1,1,1,1,1
solienlac_bangdiem_thanhphan_solienlac_group_schooladmin_l1_44,solienlac bangdiem thanhphan solienlac group schooladmin l1 44,model_solienlac_bangdiem_thanhphan,solienlac.group_schooladmin_l1,1,1,1,1
solienlac_bangdiem_solienlac_group_schooladmin_l1_45,solienlac bangdiem solienlac group schooladmin l1 45,model_solienlac_bangdiem,solienlac.group_schooladmin_l1,1,1,1,1
solienlac_danhhieuhocsinh_solienlac_group_schooladmin_l1_46,solienlac danhhieuhocsinh solienlac group schooladmin l1 46,model_solienlac_danhhieuhocsinh,solienlac.group_schooladmin_l1,1,1,1,1
solienlac_nhapdiemhocsinh_solienlac_group_schooladmin_l1_47,solienlac nhapdiemhocsinh solienlac group schooladmin l1 47,model_solienlac_nhapdiemhocsinh,solienlac.group_schooladmin_l1,1,1,1,1
solienlac_nhapdiemchitiet_solienlac_group_schooladmin_l1_48,solienlac nhapdiemchitiet solienlac group schooladmin l1 48,model_solienlac_nhapdiemchitiet,solienlac.group_schooladmin_l1,1,1,1,1
solienlac_diemdanhchitiet_solienlac_group_schooladmin_l1_48,solienlac diemdanhchitiet solienlac group schooladmin l1 48,model_solienlac_diemdanhchitiet,solienlac.group_schooladmin_l1,1,1,1,1
solienlac_baocao_xlhkhshnkt_solienlac_group_schooladmin_l1_49,solienlac baocao xlhkhshnkt solienlac group schooladmin l1 49,model_solienlac_baocao_xlhkhshnkt,solienlac.group_schooladmin_l1,1,1,1,1
solienlac_baocao_xlhkhsdt_solienlac_group_schooladmin_l1_50,solienlac baocao xlhkhsdt solienlac group schooladmin l1 50,model_solienlac_baocao_xlhkhsdt,solienlac.group_schooladmin_l1,1,1,1,1
solienlac_baocao_xlhlhshnkt_solienlac_group_schooladmin_l1_51,solienlac baocao xlhlhshnkt solienlac group schooladmin l1 51,model_solienlac_baocao_xlhlhshnkt,solienlac.group_schooladmin_l1,1,1,1,1
solienlac_baocao_xlhlhsdt_solienlac_group_schooladmin_l1_52,solienlac baocao xlhlhsdt solienlac group schooladmin l1 52,model_solienlac_baocao_xlhlhsdt,solienlac.group_schooladmin_l1,1,1,1,1
solienlac_baocao_thhsth_solienlac_group_schooladmin_l1_53,solienlac baocao thhsth solienlac group schooladmin l1 53,model_solienlac_baocao_thhsth,solienlac.group_schooladmin_l1,1,1,1,1
solienlac_gvdd_hskt_solienlac_group_schooladmin_l1_54,solienlac gvdd hskt solienlac group schooladmin l1 54,model_solienlac_gvdd_hskt,solienlac.group_schooladmin_l1,1,1,1,1
solienlac_xeploaihanhkiem_solienlac_group_schooladmin_l1_55,solienlac xeploaihanhkiem solienlac group schooladmin l1 55,model_solienlac_xeploaihanhkiem,solienlac.group_schooladmin_l1,1,1,1,1
solienlac_xeploaihocluc_solienlac_group_schooladmin_l1_56,solienlac xeploaihocluc solienlac group schooladmin l1 56,model_solienlac_xeploaihocluc,solienlac.group_schooladmin_l1,1,1,1,1
solienlac_hocsinhtruongngoaiconglap_solienlac_group_schooladmin_l1_57,solienlac hocsinhtruongngoaiconglap solienlac group schooladmin l1 57,model_solienlac_hocsinhtruongngoaiconglap,solienlac.group_schooladmin_l1,1,1,1,1
solienlac_hocsinhnutruongngoaiconglap_solienlac_group_schooladmin_l1_58,solienlac hocsinhnutruongngoaiconglap solienlac group schooladmin l1 58,model_solienlac_hocsinhnutruongngoaiconglap,solienlac.group_schooladmin_l1,1,1,1,1
solienlac_hocky_solienlac_group_schooladmin_l3_1,solienlac hocky solienlac group schooladmin l3 1,model_solienlac_hocky,solienlac.group_schooladmin_l3,1,0,0,0
solienlac_caphoc_solienlac_group_schooladmin_l3_1,solienlac caphoc solienlac group schooladmin l3 1,model_solienlac_caphoc,solienlac.group_schooladmin_l3,1,0,0,0
solienlac_captruong_solienlac_group_schooladmin_l3_2,solienlac captruong solienlac group schooladmin l3 2,model_solienlac_captruong,solienlac.group_schooladmin_l3,1,0,0,0
solienlac_hangtruong_solienlac_group_schooladmin_l3_3,solienlac hangtruong solienlac group schooladmin l3 3,model_solienlac_hangtruong,solienlac.group_schooladmin_l3,1,0,0,0
solienlac_loaihinhtruong_solienlac_group_schooladmin_l3_4,solienlac loaihinhtruong solienlac group schooladmin l3 4,model_solienlac_loaihinhtruong,solienlac.group_schooladmin_l3,1,0,0,0
solienlac_truongchuyenbiet_solienlac_group_schooladmin_l3_5,solienlac truongchuyenbiet solienlac group schooladmin l3 5,model_solienlac_truongchuyenbiet,solienlac.group_schooladmin_l3,1,0,0,0
solienlac_loailopnho_solienlac_group_schooladmin_l3_6,solienlac loailopnho solienlac group schooladmin l3 6,model_solienlac_loailopnho,solienlac.group_schooladmin_l3,1,0,0,0
solienlac_truong_solienlac_group_schooladmin_l3_7,solienlac truong solienlac group schooladmin l3 7,model_solienlac_truong,solienlac.group_schooladmin_l3,1,0,0,0
solienlac_giaovien_solienlac_group_schooladmin_l3_8,solienlac giaovien solienlac group schooladmin l3 8,model_solienlac_giaovien,solienlac.group_schooladmin_l3,1,0,0,0
solienlac_monhoc_has_giaovien_solienlac_group_schooladmin_l3_9,solienlac monhoc has giaovien solienlac group schooladmin l3 9,model_solienlac_monhoc_has_giaovien,solienlac.group_schooladmin_l3,1,0,0,0
solienlac_lop_has_giaovien_solienlac_group_schooladmin_l3_10,solienlac lop has giaovien solienlac group schooladmin l3 10,model_solienlac_lop_has_giaovien,solienlac.group_schooladmin_l3,1,0,0,0
solienlac_to_solienlac_group_schooladmin_l3_11,solienlac to solienlac group schooladmin l3 11,model_solienlac_to,solienlac.group_schooladmin_l3,1,0,0,0
solienlac_phuongxa_solienlac_group_schooladmin_l3_12,solienlac phuongxa solienlac group schooladmin l3 12,model_solienlac_phuongxa,solienlac.group_schooladmin_l3,1,0,0,0
solienlac_quanhuyen_solienlac_group_schooladmin_l3_13,solienlac quanhuyen solienlac group schooladmin l3 13,model_solienlac_quanhuyen,solienlac.group_schooladmin_l3,1,0,0,0
solienlac_tinhthanhpho_solienlac_group_schooladmin_l3_14,solienlac tinhthanhpho solienlac group schooladmin l3 14,model_solienlac_tinhthanhpho,solienlac.group_schooladmin_l3,1,0,0,0
solienlac_dantoc_solienlac_group_schooladmin_l3_15,solienlac dantoc solienlac group schooladmin l3 15,model_solienlac_dantoc,solienlac.group_schooladmin_l3,1,0,0,0
solienlac_tongiao_solienlac_group_schooladmin_l3_16,solienlac tongiao solienlac group schooladmin l3 16,model_solienlac_tongiao,solienlac.group_schooladmin_l3,1,0,0,0
solienlac_phongban_solienlac_group_schooladmin_l3_17,solienlac phongban solienlac group schooladmin l3 17,model_solienlac_phongban,solienlac.group_schooladmin_l3,1,0,0,0
solienlac_doituongchinhsach_solienlac_group_schooladmin_l3_18,solienlac doituongchinhsach solienlac group schooladmin l3 18,model_solienlac_doituongchinhsach,solienlac.group_schooladmin_l3,1,0,0,0
solienlac_doituonguutien_solienlac_group_schooladmin_l3_19,solienlac doituonguutien solienlac group schooladmin l3 19,model_solienlac_doituonguutien,solienlac.group_schooladmin_l3,1,0,0,0
solienlac_khenthuongkyluat_solienlac_group_schooladmin_l3_20,solienlac khenthuongkyluat solienlac group schooladmin l3 20,model_solienlac_khenthuongkyluat,solienlac.group_schooladmin_l3,1,0,0,0
solienlac_kyluathocsinh_solienlac_group_schooladmin_l3_21,solienlac kyluathocsinh solienlac group schooladmin l3 21,model_solienlac_kyluathocsinh,solienlac.group_schooladmin_l3,1,0,0,0
solienlac_khenthuonghocsinh_solienlac_group_schooladmin_l3_22,solienlac khenthuonghocsinh solienlac group schooladmin l3 22,model_solienlac_khenthuonghocsinh,solienlac.group_schooladmin_l3,1,0,0,0
solienlac_khenthuongkyluat_hocsinh_solienlac_group_schooladmin_l3_23,solienlac khenthuongkyluat hocsinh solienlac group schooladmin l3 23,model_solienlac_khenthuongkyluat_hocsinh,solienlac.group_schooladmin_l3,1,0,0,0
solienlac_tuyenhoc_solienlac_group_schooladmin_l3_24,solienlac tuyenhoc solienlac group schooladmin l3 24,model_solienlac_tuyenhoc,solienlac.group_schooladmin_l3,1,0,0,0
solienlac_khoi_solienlac_group_schooladmin_l3_25,solienlac khoi solienlac group schooladmin l3 25,model_solienlac_khoi,solienlac.group_schooladmin_l3,1,0,0,0
solienlac_hanhkiem_solienlac_group_schooladmin_l3_26,solienlac hanhkiem solienlac group schooladmin l3 26,model_solienlac_hanhkiem,solienlac.group_schooladmin_l3,1,0,0,0
solienlac_phuhuynh_solienlac_group_schooladmin_l3_27,solienlac phuhuynh solienlac group schooladmin l3 27,model_solienlac_phuhuynh,solienlac.group_schooladmin_l3,1,0,0,0
solienlac_bomon_solienlac_group_schooladmin_l3_28,solienlac bomon solienlac group schooladmin l3 28,model_solienlac_bomon,solienlac.group_schooladmin_l3,1,0,0,0
solienlac_bangdiemdanh_solienlac_group_schooladmin_l3_29,solienlac bangdiemdanh solienlac group schooladmin l3 29,model_solienlac_bangdiemdanh,solienlac.group_schooladmin_l3,1,0,0,0
solienlac_hocsinh_solienlac_group_schooladmin_l3_30,solienlac hocsinh solienlac group schooladmin l3 30,model_solienlac_hocsinh,solienlac.group_schooladmin_l3,1,0,0,0
solienlac_lydothoihoc_solienlac_group_schooladmin_l3_31,solienlac lydothoihoc solienlac group schooladmin l3 31,model_solienlac_lydothoihoc,solienlac.group_schooladmin_l3,1,0,0,0
solienlac_nguongochocsinh_solienlac_group_schooladmin_l3_32,solienlac nguongochocsinh solienlac group schooladmin l3 32,model_solienlac_nguongochocsinh,solienlac.group_schooladmin_l3,1,0,0,0
solienlac_monhocnghe_solienlac_group_schooladmin_l3_33,solienlac monhocnghe solienlac group schooladmin l3 33,model_solienlac_monhocnghe,solienlac.group_schooladmin_l3,1,0,0,0
solienlac_tochucdoanthe_solienlac_group_schooladmin_l3_34,solienlac tochucdoanthe solienlac group schooladmin l3 34,model_solienlac_tochucdoanthe,solienlac.group_schooladmin_l3,1,0,0,0
solienlac_lop_solienlac_group_schooladmin_l3_35,solienlac lop solienlac group schooladmin l3 35,model_solienlac_lop,solienlac.group_schooladmin_l3,1,0,0,0
solienlac_banhoc_solienlac_group_schooladmin_l3_36,solienlac banhoc solienlac group schooladmin l3 36,model_solienlac_banhoc,solienlac.group_schooladmin_l3,1,0,0,0
solienlac_monhoc_solienlac_group_schooladmin_l3_37,solienlac monhoc solienlac group schooladmin l3 37,model_solienlac_monhoc,solienlac.group_schooladmin_l3,1,0,0,0
solienlac_ketquahoctap_solienlac_group_schooladmin_l3_38,solienlac ketquahoctap solienlac group schooladmin l3 38,model_solienlac_ketquahoctap,solienlac.group_schooladmin_l3,1,0,0,0
solienlac_loaidiem_solienlac_group_schooladmin_l3_39,solienlac loaidiem solienlac group schooladmin l3 39,model_solienlac_loaidiem,solienlac.group_schooladmin_l3,1,0,0,0
solienlac_diem_solienlac_group_schooladmin_l3_40,solienlac diem solienlac group schooladmin l3 40,model_solienlac_diem,solienlac.group_schooladmin_l3,1,0,0,0
solienlac_chucvu_solienlac_group_schooladmin_l3_41,solienlac chucvu solienlac group schooladmin l3 41,model_solienlac_chucvu,solienlac.group_schooladmin_l3,1,0,0,0
solienlac_nenep_solienlac_group_schooladmin_l3_42,solienlac nenep solienlac group schooladmin l3 42,model_solienlac_nenep,solienlac.group_schooladmin_l3,1,0,0,0
solienlac_diemthanhphan_solienlac_group_schooladmin_l3_43,solienlac diemthanhphan solienlac group schooladmin l3 43,model_solienlac_diemthanhphan,solienlac.group_schooladmin_l3,1,0,0,0
solienlac_bangdiem_thanhphan_solienlac_group_schooladmin_l3_44,solienlac bangdiem thanhphan solienlac group schooladmin l3 44,model_solienlac_bangdiem_thanhphan,solienlac.group_schooladmin_l3,1,0,0,0
solienlac_bangdiem_solienlac_group_schooladmin_l3_45,solienlac bangdiem solienlac group schooladmin l3 45,model_solienlac_bangdiem,solienlac.group_schooladmin_l3,1,0,0,0
solienlac_danhhieuhocsinh_solienlac_group_schooladmin_l3_46,solienlac danhhieuhocsinh solienlac group schooladmin l3 46,model_solienlac_danhhieuhocsinh,solienlac.group_schooladmin_l3,1,0,0,0
solienlac_nhapdiemhocsinh_solienlac_group_schooladmin_l3_47,solienlac nhapdiemhocsinh solienlac group schooladmin l3 47,model_solienlac_nhapdiemhocsinh,solienlac.group_schooladmin_l3,1,0,0,0
solienlac_nhapdiemchitiet_solienlac_group_schooladmin_l3_48,solienlac nhapdiemchitiet solienlac group schooladmin l3 48,model_solienlac_nhapdiemchitiet,solienlac.group_schooladmin_l3,1,0,0,0
solienlac_diemdanhchitiet_solienlac_group_schooladmin_l3_48,solienlac diemdanhchitiet solienlac group schooladmin l3 48,model_solienlac_diemdanhchitiet,solienlac.group_schooladmin_l3,1,0,0,0
solienlac_baocao_xlhkhshnkt_solienlac_group_schooladmin_l3_49,solienlac baocao xlhkhshnkt solienlac group schooladmin l3 49,model_solienlac_baocao_xlhkhshnkt,solienlac.group_schooladmin_l3,1,0,0,0
solienlac_baocao_xlhkhsdt_solienlac_group_schooladmin_l3_50,solienlac baocao xlhkhsdt solienlac group schooladmin l3 50,model_solienlac_baocao_xlhkhsdt,solienlac.group_schooladmin_l3,1,0,0,0
solienlac_baocao_xlhlhshnkt_solienlac_group_schooladmin_l3_51,solienlac baocao xlhlhshnkt solienlac group schooladmin l3 51,model_solienlac_baocao_xlhlhshnkt,solienlac.group_schooladmin_l3,1,0,0,0
solienlac_baocao_xlhlhsdt_solienlac_group_schooladmin_l3_52,solienlac baocao xlhlhsdt solienlac group schooladmin l3 52,model_solienlac_baocao_xlhlhsdt,solienlac.group_schooladmin_l3,1,0,0,0
solienlac_baocao_thhsth_solienlac_group_schooladmin_l3_53,solienlac baocao thhsth solienlac group schooladmin l3 53,model_solienlac_baocao_thhsth,solienlac.group_schooladmin_l3,1,0,0,0
solienlac_gvdd_hskt_solienlac_group_schooladmin_l3_54,solienlac gvdd hskt solienlac group schooladmin l3 54,model_solienlac_gvdd_hskt,solienlac.group_schooladmin_l3,1,0,0,0
solienlac_xeploaihanhkiem_solienlac_group_schooladmin_l3_55,solienlac xeploaihanhkiem solienlac group schooladmin l3 55,model_solienlac_xeploaihanhkiem,solienlac.group_schooladmin_l3,1,0,0,0
solienlac_xeploaihocluc_solienlac_group_schooladmin_l3_56,solienlac xeploaihocluc solienlac group schooladmin l3 56,model_solienlac_xeploaihocluc,solienlac.group_schooladmin_l3,1,0,0,0
solienlac_hocsinhtruongngoaiconglap_solienlac_group_schooladmin_l3_57,solienlac hocsinhtruongngoaiconglap solienlac group schooladmin l3 57,model_solienlac_hocsinhtruongngoaiconglap,solienlac.group_schooladmin_l3,1,0,0,0
solienlac_hocsinhnutruongngoaiconglap_solienlac_group_schooladmin_l3_58,solienlac hocsinhnutruongngoaiconglap solienlac group schooladmin l3 58,model_solienlac_hocsinhnutruongngoaiconglap,solienlac.group_schooladmin_l3,1,0,0,0
solienlac_giaovientruongngoaiconglap_solienlac_group_schooladmin_l3_59,solienlac giaovientruongngoaiconglap solienlac group schooladmin l3 59,model_solienlac_giaovientruongngoaiconglap,solienlac.group_schooladmin_l3,1,0,0,0
solienlac_hocky_solienlac_group_schooladmin_l21_1,solienlac hocky solienlac group schooladmin l21 1,model_solienlac_hocky,solienlac.group_schooladmin_l21,1,0,0,0
solienlac_caphoc_solienlac_group_schooladmin_l21_1,solienlac caphoc solienlac group schooladmin l21 1,model_solienlac_caphoc,solienlac.group_schooladmin_l21,1,0,0,0
solienlac_captruong_solienlac_group_schooladmin_l21_2,solienlac captruong solienlac group schooladmin l21 2,model_solienlac_captruong,solienlac.group_schooladmin_l21,1,0,0,0
solienlac_hangtruong_solienlac_group_schooladmin_l21_3,solienlac hangtruong solienlac group schooladmin l21 3,model_solienlac_hangtruong,solienlac.group_schooladmin_l21,1,0,0,0
solienlac_loaihinhtruong_solienlac_group_schooladmin_l21_4,solienlac loaihinhtruong solienlac group schooladmin l21 4,model_solienlac_loaihinhtruong,solienlac.group_schooladmin_l21,1,0,0,0
solienlac_truongchuyenbiet_solienlac_group_schooladmin_l21_5,solienlac truongchuyenbiet solienlac group schooladmin l21 5,model_solienlac_truongchuyenbiet,solienlac.group_schooladmin_l21,1,0,0,0
solienlac_loailopnho_solienlac_group_schooladmin_l21_6,solienlac loailopnho solienlac group schooladmin l21 6,model_solienlac_loailopnho,solienlac.group_schooladmin_l21,1,0,0,0
solienlac_truong_solienlac_group_schooladmin_l21_7,solienlac truong solienlac group schooladmin l21 7,model_solienlac_truong,solienlac.group_schooladmin_l21,1,0,0,0
solienlac_giaovien_solienlac_group_schooladmin_l21_8,solienlac giaovien solienlac group schooladmin l21 8,model_solienlac_giaovien,solienlac.group_schooladmin_l21,1,0,0,0
solienlac_monhoc_has_giaovien_solienlac_group_schooladmin_l21_9,solienlac monhoc has giaovien solienlac group schooladmin l21 9,model_solienlac_monhoc_has_giaovien,solienlac.group_schooladmin_l21,1,0,0,0
solienlac_lop_has_giaovien_solienlac_group_schooladmin_l21_10,solienlac lop has giaovien solienlac group schooladmin l21 10,model_solienlac_lop_has_giaovien,solienlac.group_schooladmin_l21,1,0,0,0
solienlac_to_solienlac_group_schooladmin_l21_11,solienlac to solienlac group schooladmin l21 11,model_solienlac_to,solienlac.group_schooladmin_l21,1,0,0,0
solienlac_phuongxa_solienlac_group_schooladmin_l21_12,solienlac phuongxa solienlac group schooladmin l21 12,model_solienlac_phuongxa,solienlac.group_schooladmin_l21,1,0,0,0
solienlac_quanhuyen_solienlac_group_schooladmin_l21_13,solienlac quanhuyen solienlac group schooladmin l21 13,model_solienlac_quanhuyen,solienlac.group_schooladmin_l21,1,0,0,0
solienlac_tinhthanhpho_solienlac_group_schooladmin_l21_14,solienlac tinhthanhpho solienlac group schooladmin l21 14,model_solienlac_tinhthanhpho,solienlac.group_schooladmin_l21,1,0,0,0
solienlac_dantoc_solienlac_group_schooladmin_l21_15,solienlac dantoc solienlac group schooladmin l21 15,model_solienlac_dantoc,solienlac.group_schooladmin_l21,1,0,0,0
solienlac_tongiao_solienlac_group_schooladmin_l21_16,solienlac tongiao solienlac group schooladmin l21 16,model_solienlac_tongiao,solienlac.group_schooladmin_l21,1,0,0,0
solienlac_phongban_solienlac_group_schooladmin_l21_17,solienlac phongban solienlac group schooladmin l21 17,model_solienlac_phongban,solienlac.group_schooladmin_l21,1,0,0,0
solienlac_doituongchinhsach_solienlac_group_schooladmin_l21_18,solienlac doituongchinhsach solienlac group schooladmin l21 18,model_solienlac_doituongchinhsach,solienlac.group_schooladmin_l21,1,0,0,0
solienlac_doituonguutien_solienlac_group_schooladmin_l21_19,solienlac doituonguutien solienlac group schooladmin l21 19,model_solienlac_doituonguutien,solienlac.group_schooladmin_l21,1,0,0,0
solienlac_khenthuongkyluat_solienlac_group_schooladmin_l21_20,solienlac khenthuongkyluat solienlac group schooladmin l21 20,model_solienlac_khenthuongkyluat,solienlac.group_schooladmin_l21,1,0,0,0
solienlac_kyluathocsinh_solienlac_group_schooladmin_l21_21,solienlac kyluathocsinh solienlac group schooladmin l21 21,model_solienlac_kyluathocsinh,solienlac.group_schooladmin_l21,1,1,1,1
solienlac_khenthuonghocsinh_solienlac_group_schooladmin_l21_22,solienlac khenthuonghocsinh solienlac group schooladmin l21 22,model_solienlac_khenthuonghocsinh,solienlac.group_schooladmin_l21,1,0,0,0
solienlac_khenthuongkyluat_hocsinh_solienlac_group_schooladmin_l21_23,solienlac khenthuongkyluat hocsinh solienlac group schooladmin l21 23,model_solienlac_khenthuongkyluat_hocsinh,solienlac.group_schooladmin_l21,1,0,0,0
solienlac_tuyenhoc_solienlac_group_schooladmin_l21_24,solienlac tuyenhoc solienlac group schooladmin l21 24,model_solienlac_tuyenhoc,solienlac.group_schooladmin_l21,1,0,0,0
solienlac_khoi_solienlac_group_schooladmin_l21_25,solienlac khoi solienlac group schooladmin l21 25,model_solienlac_khoi,solienlac.group_schooladmin_l21,1,0,0,0
solienlac_hanhkiem_solienlac_group_schooladmin_l21_26,solienlac hanhkiem solienlac group schooladmin l21 26,model_solienlac_hanhkiem,solienlac.group_schooladmin_l21,1,0,0,0
solienlac_phuhuynh_solienlac_group_schooladmin_l21_27,solienlac phuhuynh solienlac group schooladmin l21 27,model_solienlac_phuhuynh,solienlac.group_schooladmin_l21,1,1,1,1
solienlac_bomon_solienlac_group_schooladmin_l21_28,solienlac bomon solienlac group schooladmin l21 28,model_solienlac_bomon,solienlac.group_schooladmin_l21,1,0,0,0
solienlac_bangdiemdanh_solienlac_group_schooladmin_l21_29,solienlac bangdiemdanh solienlac group schooladmin l21 29,model_solienlac_bangdiemdanh,solienlac.group_schooladmin_l21,1,1,1,1
solienlac_hocsinh_solienlac_group_schooladmin_l21_30,solienlac hocsinh solienlac group schooladmin l21 30,model_solienlac_hocsinh,solienlac.group_schooladmin_l21,1,0,0,0
solienlac_lydothoihoc_solienlac_group_schooladmin_l21_31,solienlac lydothoihoc solienlac group schooladmin l21 31,model_solienlac_lydothoihoc,solienlac.group_schooladmin_l21,1,0,0,0
solienlac_nguongochocsinh_solienlac_group_schooladmin_l21_32,solienlac nguongochocsinh solienlac group schooladmin l21 32,model_solienlac_nguongochocsinh,solienlac.group_schooladmin_l21,1,0,0,0
solienlac_monhocnghe_solienlac_group_schooladmin_l21_33,solienlac monhocnghe solienlac group schooladmin l21 33,model_solienlac_monhocnghe,solienlac.group_schooladmin_l21,1,0,0,0
solienlac_tochucdoanthe_solienlac_group_schooladmin_l21_34,solienlac tochucdoanthe solienlac group schooladmin l21 34,model_solienlac_tochucdoanthe,solienlac.group_schooladmin_l21,1,0,0,0
solienlac_lop_solienlac_group_schooladmin_l21_35,solienlac lop solienlac group schooladmin l21 35,model_solienlac_lop,solienlac.group_schooladmin_l21,1,0,0,0
solienlac_banhoc_solienlac_group_schooladmin_l21_36,solienlac banhoc solienlac group schooladmin l21 36,model_solienlac_banhoc,solienlac.group_schooladmin_l21,1,0,0,0
solienlac_monhoc_solienlac_group_schooladmin_l21_37,solienlac monhoc solienlac group schooladmin l21 37,model_solienlac_monhoc,solienlac.group_schooladmin_l21,1,0,0,0
solienlac_ketquahoctap_solienlac_group_schooladmin_l21_38,solienlac ketquahoctap solienlac group schooladmin l21 38,model_solienlac_ketquahoctap,solienlac.group_schooladmin_l21,1,0,0,0
solienlac_loaidiem_solienlac_group_schooladmin_l21_39,solienlac loaidiem solienlac group schooladmin l21 39,model_solienlac_loaidiem,solienlac.group_schooladmin_l21,1,1,1,1
solienlac_diem_solienlac_group_schooladmin_l21_40,solienlac diem solienlac group schooladmin l21 40,model_solienlac_diem,solienlac.group_schooladmin_l21,1,1,1,1
solienlac_chucvu_solienlac_group_schooladmin_l21_41,solienlac chucvu solienlac group schooladmin l21 41,model_solienlac_chucvu,solienlac.group_schooladmin_l21,1,0,0,0
solienlac_nenep_solienlac_group_schooladmin_l21_42,solienlac nenep solienlac group schooladmin l21 42,model_solienlac_nenep,solienlac.group_schooladmin_l21,1,0,0,0
solienlac_diemthanhphan_solienlac_group_schooladmin_l21_43,solienlac diemthanhphan solienlac group schooladmin l21 43,model_solienlac_diemthanhphan,solienlac.group_schooladmin_l21,1,1,1,1
solienlac_bangdiem_thanhphan_solienlac_group_schooladmin_l21_44,solienlac bangdiem thanhphan solienlac group schooladmin l21 44,model_solienlac_bangdiem_thanhphan,solienlac.group_schooladmin_l21,1,1,1,1
solienlac_bangdiem_solienlac_group_schooladmin_l21_45,solienlac bangdiem solienlac group schooladmin l21 45,model_solienlac_bangdiem,solienlac.group_schooladmin_l21,1,1,1,1
solienlac_danhhieuhocsinh_solienlac_group_schooladmin_l21_46,solienlac danhhieuhocsinh solienlac group schooladmin l21 46,model_solienlac_danhhieuhocsinh,solienlac.group_schooladmin_l21,1,0,0,0
solienlac_nhapdiemhocsinh_solienlac_group_schooladmin_l21_47,solienlac nhapdiemhocsinh solienlac group schooladmin l21 47,model_solienlac_nhapdiemhocsinh,solienlac.group_schooladmin_l21,1,1,1,1
solienlac_nhapdiemchitiet_solienlac_group_schooladmin_l21_48,solienlac nhapdiemchitiet solienlac group schooladmin l21 48,model_solienlac_nhapdiemchitiet,solienlac.group_schooladmin_l21,1,1,1,1
solienlac_baocao_xlhkhshnkt_solienlac_group_schooladmin_l21_49,solienlac baocao xlhkhshnkt solienlac group schooladmin l21 49,model_solienlac_baocao_xlhkhshnkt,solienlac.group_schooladmin_l21,1,0,0,0
solienlac_baocao_xlhkhsdt_solienlac_group_schooladmin_l21_50,solienlac baocao xlhkhsdt solienlac group schooladmin l21 50,model_solienlac_baocao_xlhkhsdt,solienlac.group_schooladmin_l21,1,0,0,0
solienlac_baocao_xlhlhshnkt_solienlac_group_schooladmin_l21_51,solienlac baocao xlhlhshnkt solienlac group schooladmin l21 51,model_solienlac_baocao_xlhlhshnkt,solienlac.group_schooladmin_l21,1,0,0,0
solienlac_baocao_xlhlhsdt_solienlac_group_schooladmin_l21_52,solienlac baocao xlhlhsdt solienlac group schooladmin l21 52,model_solienlac_baocao_xlhlhsdt,solienlac.group_schooladmin_l21,1,0,0,0
solienlac_baocao_thhsth_solienlac_group_schooladmin_l21_53,solienlac baocao thhsth solienlac group schooladmin l21 53,model_solienlac_baocao_thhsth,solienlac.group_schooladmin_l21,1,0,0,0
solienlac_gvdd_hskt_solienlac_group_schooladmin_l21_54,solienlac gvdd hskt solienlac group schooladmin l21 54,model_solienlac_gvdd_hskt,solienlac.group_schooladmin_l21,1,0,0,0
solienlac_xeploaihanhkiem_solienlac_group_schooladmin_l21_55,solienlac xeploaihanhkiem solienlac group schooladmin l21 55,model_solienlac_xeploaihanhkiem,solienlac.group_schooladmin_l21,1,0,0,0
solienlac_xeploaihocluc_solienlac_group_schooladmin_l21_56,solienlac xeploaihocluc solienlac group schooladmin l21 56,model_solienlac_xeploaihocluc,solienlac.group_schooladmin_l21,1,0,0,0
solienlac_hocsinhtruongngoaiconglap_solienlac_group_schooladmin_l21_57,solienlac hocsinhtruongngoaiconglap solienlac group schooladmin l21 57,model_solienlac_hocsinhtruongngoaiconglap,solienlac.group_schooladmin_l21,1,0,0,0
solienlac_hocsinhnutruongngoaiconglap_solienlac_group_schooladmin_l21_58,solienlac hocsinhnutruongngoaiconglap solienlac group schooladmin l21 58,model_solienlac_hocsinhnutruongngoaiconglap,solienlac.group_schooladmin_l21,1,0,0,0
solienlac_giaovientruongngoaiconglap_solienlac_group_schooladmin_l21_59,solienlac giaovientruongngoaiconglap solienlac group schooladmin l21 59,model_solienlac_giaovientruongngoaiconglap,solienlac.group_schooladmin_l21,1,0,0,0
solienlac_hocky_solienlac_group_schooladmin_l22_1,solienlac hocky solienlac group schooladmin l22 1,model_solienlac_hocky,solienlac.group_schooladmin_l22,1,0,0,0
solienlac_caphoc_solienlac_group_schooladmin_l22_1,solienlac caphoc solienlac group schooladmin l22 1,model_solienlac_caphoc,solienlac.group_schooladmin_l22,1,0,0,0
solienlac_captruong_solienlac_group_schooladmin_l22_2,solienlac captruong solienlac group schooladmin l22 2,model_solienlac_captruong,solienlac.group_schooladmin_l22,1,0,0,0
solienlac_hangtruong_solienlac_group_schooladmin_l22_3,solienlac hangtruong solienlac group schooladmin l22 3,model_solienlac_hangtruong,solienlac.group_schooladmin_l22,1,0,0,0
solienlac_loaihinhtruong_solienlac_group_schooladmin_l22_4,solienlac loaihinhtruong solienlac group schooladmin l22 4,model_solienlac_loaihinhtruong,solienlac.group_schooladmin_l22,1,0,0,0
solienlac_truongchuyenbiet_solienlac_group_schooladmin_l22_5,solienlac truongchuyenbiet solienlac group schooladmin l22 5,model_solienlac_truongchuyenbiet,solienlac.group_schooladmin_l22,1,0,0,0
solienlac_loailopnho_solienlac_group_schooladmin_l22_6,solienlac loailopnho solienlac group schooladmin l22 6,model_solienlac_loailopnho,solienlac.group_schooladmin_l22,1,0,0,0
solienlac_truong_solienlac_group_schooladmin_l22_7,solienlac truong solienlac group schooladmin l22 7,model_solienlac_truong,solienlac.group_schooladmin_l22,1,0,0,0
solienlac_giaovien_solienlac_group_schooladmin_l22_8,solienlac giaovien solienlac group schooladmin l22 8,model_solienlac_giaovien,solienlac.group_schooladmin_l22,1,0,0,0
solienlac_monhoc_has_giaovien_solienlac_group_schooladmin_l22_9,solienlac monhoc has giaovien solienlac group schooladmin l22 9,model_solienlac_monhoc_has_giaovien,solienlac.group_schooladmin_l22,1,0,0,0
solienlac_lop_has_giaovien_solienlac_group_schooladmin_l22_10,solienlac lop has giaovien solienlac group schooladmin l22 10,model_solienlac_lop_has_giaovien,solienlac.group_schooladmin_l22,1,0,0,0
solienlac_to_solienlac_group_schooladmin_l22_11,solienlac to solienlac group schooladmin l22 11,model_solienlac_to,solienlac.group_schooladmin_l22,1,0,0,0
solienlac_phuongxa_solienlac_group_schooladmin_l22_12,solienlac phuongxa solienlac group schooladmin l22 12,model_solienlac_phuongxa,solienlac.group_schooladmin_l22,1,0,0,0
solienlac_quanhuyen_solienlac_group_schooladmin_l22_13,solienlac quanhuyen solienlac group schooladmin l22 13,model_solienlac_quanhuyen,solienlac.group_schooladmin_l22,1,0,0,0
solienlac_tinhthanhpho_solienlac_group_schooladmin_l22_14,solienlac tinhthanhpho solienlac group schooladmin l22 14,model_solienlac_tinhthanhpho,solienlac.group_schooladmin_l22,1,0,0,0
solienlac_dantoc_solienlac_group_schooladmin_l22_15,solienlac dantoc solienlac group schooladmin l22 15,model_solienlac_dantoc,solienlac.group_schooladmin_l22,1,0,0,0
solienlac_tongiao_solienlac_group_schooladmin_l22_16,solienlac tongiao solienlac group schooladmin l22 16,model_solienlac_tongiao,solienlac.group_schooladmin_l22,1,0,0,0
solienlac_phongban_solienlac_group_schooladmin_l22_17,solienlac phongban solienlac group schooladmin l22 17,model_solienlac_phongban,solienlac.group_schooladmin_l22,1,0,0,0
solienlac_doituongchinhsach_solienlac_group_schooladmin_l22_18,solienlac doituongchinhsach solienlac group schooladmin l22 18,model_solienlac_doituongchinhsach,solienlac.group_schooladmin_l22,1,0,0,0
solienlac_doituonguutien_solienlac_group_schooladmin_l22_19,solienlac doituonguutien solienlac group schooladmin l22 19,model_solienlac_doituonguutien,solienlac.group_schooladmin_l22,1,0,0,0
solienlac_khenthuongkyluat_solienlac_group_schooladmin_l22_20,solienlac khenthuongkyluat solienlac group schooladmin l22 20,model_solienlac_khenthuongkyluat,solienlac.group_schooladmin_l22,1,1,1,1
solienlac_kyluathocsinh_solienlac_group_schooladmin_l22_21,solienlac kyluathocsinh solienlac group schooladmin l22 21,model_solienlac_kyluathocsinh,solienlac.group_schooladmin_l22,1,1,1,1
solienlac_khenthuonghocsinh_solienlac_group_schooladmin_l22_22,solienlac khenthuonghocsinh solienlac group schooladmin l22 22,model_solienlac_khenthuonghocsinh,solienlac.group_schooladmin_l22,1,1,1,1
solienlac_khenthuongkyluat_hocsinh_solienlac_group_schooladmin_l22_23,solienlac khenthuongkyluat hocsinh solienlac group schooladmin l22 23,model_solienlac_khenthuongkyluat_hocsinh,solienlac.group_schooladmin_l22,1,1,1,1
solienlac_tuyenhoc_solienlac_group_schooladmin_l22_24,solienlac tuyenhoc solienlac group schooladmin l22 24,model_solienlac_tuyenhoc,solienlac.group_schooladmin_l22,1,0,0,0
solienlac_khoi_solienlac_group_schooladmin_l22_25,solienlac khoi solienlac group schooladmin l22 25,model_solienlac_khoi,solienlac.group_schooladmin_l22,1,0,0,0
solienlac_hanhkiem_solienlac_group_schooladmin_l22_26,solienlac hanhkiem solienlac group schooladmin l22 26,model_solienlac_hanhkiem,solienlac.group_schooladmin_l22,1,1,1,1
solienlac_phuhuynh_solienlac_group_schooladmin_l22_27,solienlac phuhuynh solienlac group schooladmin l22 27,model_solienlac_phuhuynh,solienlac.group_schooladmin_l22,1,1,1,1
solienlac_bomon_solienlac_group_schooladmin_l22_28,solienlac bomon solienlac group schooladmin l22 28,model_solienlac_bomon,solienlac.group_schooladmin_l22,1,0,0,0
solienlac_bangdiemdanh_solienlac_group_schooladmin_l22_29,solienlac bangdiemdanh solienlac group schooladmin l22 29,model_solienlac_bangdiemdanh,solienlac.group_schooladmin_l22,1,1,1,1
solienlac_hocsinh_solienlac_group_schooladmin_l22_30,solienlac hocsinh solienlac group schooladmin l22 30,model_solienlac_hocsinh,solienlac.group_schooladmin_l22,1,1,1,1
solienlac_lydothoihoc_solienlac_group_schooladmin_l22_31,solienlac lydothoihoc solienlac group schooladmin l22 31,model_solienlac_lydothoihoc,solienlac.group_schooladmin_l22,1,0,0,0
solienlac_nguongochocsinh_solienlac_group_schooladmin_l22_32,solienlac nguongochocsinh solienlac group schooladmin l22 32,model_solienlac_nguongochocsinh,solienlac.group_schooladmin_l22,1,1,1,1
solienlac_monhocnghe_solienlac_group_schooladmin_l22_33,solienlac monhocnghe solienlac group schooladmin l22 33,model_solienlac_monhocnghe,solienlac.group_schooladmin_l22,1,0,0,0
solienlac_tochucdoanthe_solienlac_group_schooladmin_l22_34,solienlac tochucdoanthe solienlac group schooladmin l22 34,model_solienlac_tochucdoanthe,solienlac.group_schooladmin_l22,1,0,0,0
solienlac_lop_solienlac_group_schooladmin_l22_35,solienlac lop solienlac group schooladmin l22 35,model_solienlac_lop,solienlac.group_schooladmin_l22,1,0,0,0
solienlac_banhoc_solienlac_group_schooladmin_l22_36,solienlac banhoc solienlac group schooladmin l22 36,model_solienlac_banhoc,solienlac.group_schooladmin_l22,1,0,0,0
solienlac_monhoc_solienlac_group_schooladmin_l22_37,solienlac monhoc solienlac group schooladmin l22 37,model_solienlac_monhoc,solienlac.group_schooladmin_l22,1,0,0,0
solienlac_ketquahoctap_solienlac_group_schooladmin_l22_38,solienlac ketquahoctap solienlac group schooladmin l22 38,model_solienlac_ketquahoctap,solienlac.group_schooladmin_l22,1,1,1,1
solienlac_loaidiem_solienlac_group_schooladmin_l22_39,solienlac loaidiem solienlac group schooladmin l22 39,model_solienlac_loaidiem,solienlac.group_schooladmin_l22,1,1,1,1
solienlac_diem_solienlac_group_schooladmin_l22_40,solienlac diem solienlac group schooladmin l22 40,model_solienlac_diem,solienlac.group_schooladmin_l22,1,1,1,1
solienlac_chucvu_solienlac_group_schooladmin_l22_41,solienlac chucvu solienlac group schooladmin l22 41,model_solienlac_chucvu,solienlac.group_schooladmin_l22,1,1,1,1
solienlac_nenep_solienlac_group_schooladmin_l22_42,solienlac nenep solienlac group schooladmin l22 42,model_solienlac_nenep,solienlac.group_schooladmin_l22,1,1,1,1
solienlac_diemthanhphan_solienlac_group_schooladmin_l22_43,solienlac diemthanhphan solienlac group schooladmin l22 43,model_solienlac_diemthanhphan,solienlac.group_schooladmin_l22,1,1,1,1
solienlac_bangdiem_thanhphan_solienlac_group_schooladmin_l22_44,solienlac bangdiem thanhphan solienlac group schooladmin l22 44,model_solienlac_bangdiem_thanhphan,solienlac.group_schooladmin_l22,1,1,1,1
solienlac_bangdiem_solienlac_group_schooladmin_l22_45,solienlac bangdiem solienlac group schooladmin l22 45,model_solienlac_bangdiem,solienlac.group_schooladmin_l22,1,1,1,1
solienlac_danhhieuhocsinh_solienlac_group_schooladmin_l22_46,solienlac danhhieuhocsinh solienlac group schooladmin l22 46,model_solienlac_danhhieuhocsinh,solienlac.group_schooladmin_l22,1,1,1,1
solienlac_nhapdiemhocsinh_solienlac_group_schooladmin_l22_47,solienlac nhapdiemhocsinh solienlac group schooladmin l22 47,model_solienlac_nhapdiemhocsinh,solienlac.group_schooladmin_l22,1,1,1,1
solienlac_nhapdiemchitiet_solienlac_group_schooladmin_l22_48,solienlac nhapdiemchitiet solienlac group schooladmin l22 48,model_solienlac_nhapdiemchitiet,solienlac.group_schooladmin_l22,1,1,1,1
solienlac_diemdanhchitiet_solienlac_group_schooladmin_l21_48,solienlac diemdanhchitiet solienlac group schooladmin l21 48,model_solienlac_diemdanhchitiet,solienlac.group_schooladmin_l21,1,1,1,1
solienlac_diemdanhchitiet_solienlac_group_schooladmin_l22_48,solienlac diemdanhchitiet solienlac group schooladmin l22 48,model_solienlac_diemdanhchitiet,solienlac.group_schooladmin_l22,1,1,1,1
solienlac_baocao_xlhkhshnkt_solienlac_group_schooladmin_l22_49,solienlac baocao xlhkhshnkt solienlac group schooladmin l22 49,model_solienlac_baocao_xlhkhshnkt,solienlac.group_schooladmin_l22,1,0,0,0
solienlac_baocao_xlhkhsdt_solienlac_group_schooladmin_l22_50,solienlac baocao xlhkhsdt solienlac group schooladmin l22 50,model_solienlac_baocao_xlhkhsdt,solienlac.group_schooladmin_l22,1,0,0,0
solienlac_baocao_xlhlhshnkt_solienlac_group_schooladmin_l22_51,solienlac baocao xlhlhshnkt solienlac group schooladmin l22 51,model_solienlac_baocao_xlhlhshnkt,solienlac.group_schooladmin_l22,1,0,0,0
solienlac_baocao_xlhlhsdt_solienlac_group_schooladmin_l22_52,solienlac baocao xlhlhsdt solienlac group schooladmin l22 52,model_solienlac_baocao_xlhlhsdt,solienlac.group_schooladmin_l22,1,0,0,0
solienlac_baocao_thhsth_solienlac_group_schooladmin_l22_53,solienlac baocao thhsth solienlac group schooladmin l22 53,model_solienlac_baocao_thhsth,solienlac.group_schooladmin_l22,1,0,0,0
solienlac_gvdd_hskt_solienlac_group_schooladmin_l22_54,solienlac gvdd hskt solienlac group schooladmin l22 54,model_solienlac_gvdd_hskt,solienlac.group_schooladmin_l22,1,0,0,0
solienlac_xeploaihanhkiem_solienlac_group_schooladmin_l22_55,solienlac xeploaihanhkiem solienlac group schooladmin l22 55,model_solienlac_xeploaihanhkiem,solienlac.group_schooladmin_l22,1,0,0,0
solienlac_xeploaihocluc_solienlac_group_schooladmin_l22_56,solienlac xeploaihocluc solienlac group schooladmin l22 56,model_solienlac_xeploaihocluc,solienlac.group_schooladmin_l22,1,0,0,0
solienlac_hocsinhtruongngoaiconglap_solienlac_group_schooladmin_l22_57,solienlac hocsinhtruongngoaiconglap solienlac group schooladmin l22 57,model_solienlac_hocsinhtruongngoaiconglap,solienlac.group_schooladmin_l22,1,0,0,0
solienlac_hocsinhnutruongngoaiconglap_solienlac_group_schooladmin_l22_58,solienlac hocsinhnutruongngoaiconglap solienlac group schooladmin l22 58,model_solienlac_hocsinhnutruongngoaiconglap,solienlac.group_schooladmin_l22,1,0,0,0
solienlac_giaovientruongngoaiconglap_solienlac_group_schooladmin_l22_59,solienlac giaovientruongngoaiconglap solienlac group schooladmin l22 59,model_solienlac_giaovientruongngoaiconglap,solienlac.group_schooladmin_l22,1,0,0,0
access_solienlac_diemdanhhocsinh_all_l2,solienlac all diemdanhhocsinh,model_solienlac_diemdanhhocsinh,solienlac.group_systemadmin_l2,1,1,1,1
access_solienlac_diemdanhhocsinh_all,solienlac all diemdanhhocsinh,model_solienlac_diemdanhhocsinh,solienlac.group_systemadmin_l3,1,0,0,0
access_solienlac_diemdanhhocsinh_read,solienlac all diemdanhhocsinh,model_solienlac_diemdanhhocsinh,group_customer,1,0,0,0
solienlac_diemdanhhocsinh_solienlac_group_schooladmin_l1_47,solienlac diemdanhhocsinh solienlac group schooladmin l1 47,model_solienlac_diemdanhhocsinh,solienlac.group_schooladmin_l1,1,1,1,1
solienlac_diemdanhhocsinh_solienlac_group_schooladmin_l3_47,solienlac diemdanhhocsinh solienlac group schooladmin l3 47,model_solienlac_diemdanhhocsinh,solienlac.group_schooladmin_l3,1,0,0,0
solienlac_diemdanhhocsinh_solienlac_group_schooladmin_l21_47,solienlac diemdanhhocsinh solienlac group schooladmin l21 47,model_solienlac_diemdanhhocsinh,solienlac.group_schooladmin_l21,1,1,1,1
solienlac_diemdanhhocsinh_solienlac_group_schooladmin_l22_47,solienlac diemdanhhocsinh solienlac group schooladmin l22 47,model_solienlac_diemdanhhocsinh,solienlac.group_schooladmin_l22,1,1,1,1
access_solienlac_khenthuongchitiet_all_l2,solienlac all khenthuongchitiet,model_solienlac_khenthuongchitiet,solienlac.group_systemadmin_l2,1,1,1,1
access_solienlac_khenthuongchitiet_all,solienlac all khenthuongchitiet,model_solienlac_khenthuongchitiet,solienlac.group_systemadmin_l3,1,0,0,0
solienlac_khenthuongchitiet_solienlac_group_schooladmin_l1_22,solienlac khenthuongchitiet solienlac group schooladmin l1 22,model_solienlac_khenthuongchitiet,solienlac.group_schooladmin_l1,1,1,1,1
solienlac_khenthuongchitiet_solienlac_group_schooladmin_l3_22,solienlac khenthuongchitiet solienlac group schooladmin l3 22,model_solienlac_khenthuongchitiet,solienlac.group_schooladmin_l3,1,0,0,0
solienlac_khenthuongchitiet_solienlac_group_schooladmin_l21_22,solienlac khenthuongchitiet solienlac group schooladmin l21 22,model_solienlac_khenthuongchitiet,solienlac.group_schooladmin_l21,1,0,0,0
access_solienlac_khenthuongchitiet_read,solienlac all khenthuongchitiet,model_solienlac_khenthuongchitiet,group_customer,1,0,0,0
solienlac_khenthuongchitiet_solienlac_group_schooladmin_l22_22,solienlac khenthuongchitiet solienlac group schooladmin l22 22,model_solienlac_khenthuongchitiet,solienlac.group_schooladmin_l22,1,1,1,1
solienlac_taikhoan_solienlac_group_systemadmin_l1_100,solienlac taikhoan solienlac group systemadmin l1 100,model_solienlac_taikhoan,solienlac.group_systemadmin_l1,1,1,1,1
solienlac_taikhoan_solienlac_group_systemadmin_l2_100,solienlac taikhoan solienlac group systemadmin l2 100,model_solienlac_taikhoan,solienlac.group_systemadmin_l2,1,1,1,1
solienlac_taikhoan_solienlac_group_systemadmin_l3_100,solienlac taikhoan solienlac group systemadmin l3 100,model_solienlac_taikhoan,solienlac.group_systemadmin_l3,1,0,0,0
solienlac_taikhoan_solienlac_group_schooladmin_l1_100,solienlac taikhoan solienlac group schooladmin l1 100,model_solienlac_taikhoan,solienlac.group_schooladmin_l1,1,1,1,1
solienlac_taikhoan_solienlac_group_schooladmin_l21_100,solienlac taikhoan solienlac group schooladmin l21 100,model_solienlac_taikhoan,solienlac.group_schooladmin_l21,1,0,0,0
solienlac_taikhoan_solienlac_group_schooladmin_l22_100,solienlac taikhoan solienlac group schooladmin l22 100,model_solienlac_taikhoan,solienlac.group_schooladmin_l22,1,0,0,0
solienlac_taikhoan_solienlac_group_schooladmin_l3_100,solienlac taikhoan solienlac group schooladmin l3 100,model_solienlac_taikhoan,solienlac.group_schooladmin_l3,1,0,0,0
solienlac_taikhoan_solienlac_group_customer_100,solienlac taikhoan solienlac group customer 100,model_solienlac_taikhoan,solienlac.group_customer,1,0,0,0
solienlac_caphoc_solienlac_group_systemadmin_l1_1,solienlac caphoc solienlac group systemadmin l1 1,model_solienlac_caphoc,solienlac.group_systemadmin_l1,1,1,1,1
solienlac_captruong_solienlac_group_systemadmin_l1_2,solienlac captruong solienlac group systemadmin l1 2,model_solienlac_captruong,solienlac.group_systemadmin_l1,1,1,1,1
solienlac_hangtruong_solienlac_group_systemadmin_l1_3,solienlac hangtruong solienlac group systemadmin l1 3,model_solienlac_hangtruong,solienlac.group_systemadmin_l1,1,1,1,1
solienlac_loaihinhtruong_solienlac_group_systemadmin_l1_4,solienlac loaihinhtruong solienlac group systemadmin l1 4,model_solienlac_loaihinhtruong,solienlac.group_systemadmin_l1,1,1,1,1
solienlac_truongchuyenbiet_solienlac_group_systemadmin_l1_5,solienlac truongchuyenbiet solienlac group systemadmin l1 5,model_solienlac_truongchuyenbiet,solienlac.group_systemadmin_l1,1,1,1,1
solienlac_loailopnho_solienlac_group_systemadmin_l1_6,solienlac loailopnho solienlac group systemadmin l1 6,model_solienlac_loailopnho,solienlac.group_systemadmin_l1,1,1,1,1
solienlac_truong_solienlac_group_systemadmin_l1_7,solienlac truong solienlac group systemadmin l1 7,model_solienlac_truong,solienlac.group_systemadmin_l1,1,1,1,1
solienlac_giaovien_solienlac_group_systemadmin_l1_8,solienlac giaovien solienlac group systemadmin l1 8,model_solienlac_giaovien,solienlac.group_systemadmin_l1,1,1,1,1
solienlac_monhoc_has_giaovien_solienlac_group_systemadmin_l1_9,solienlac monhoc has giaovien solienlac group systemadmin l1 9,model_solienlac_monhoc_has_giaovien,solienlac.group_systemadmin_l1,1,1,1,1
solienlac_lop_has_giaovien_solienlac_group_systemadmin_l1_10,solienlac lop has giaovien solienlac group systemadmin l1 10,model_solienlac_lop_has_giaovien,solienlac.group_systemadmin_l1,1,1,1,1
solienlac_to_solienlac_group_systemadmin_l1_11,solienlac to solienlac group systemadmin l1 11,model_solienlac_to,solienlac.group_systemadmin_l1,1,1,1,1
solienlac_phuongxa_solienlac_group_systemadmin_l1_12,solienlac phuongxa solienlac group systemadmin l1 12,model_solienlac_phuongxa,solienlac.group_systemadmin_l1,1,1,1,1
solienlac_quanhuyen_solienlac_group_systemadmin_l1_13,solienlac quanhuyen solienlac group systemadmin l1 13,model_solienlac_quanhuyen,solienlac.group_systemadmin_l1,1,1,1,1
solienlac_tinhthanhpho_solienlac_group_systemadmin_l1_14,solienlac tinhthanhpho solienlac group systemadmin l1 14,model_solienlac_tinhthanhpho,solienlac.group_systemadmin_l1,1,1,1,1
solienlac_dantoc_solienlac_group_systemadmin_l1_15,solienlac dantoc solienlac group systemadmin l1 15,model_solienlac_dantoc,solienlac.group_systemadmin_l1,1,1,1,1
solienlac_tongiao_solienlac_group_systemadmin_l1_16,solienlac tongiao solienlac group systemadmin l1 16,model_solienlac_tongiao,solienlac.group_systemadmin_l1,1,1,1,1
solienlac_phongban_solienlac_group_systemadmin_l1_17,solienlac phongban solienlac group systemadmin l1 17,model_solienlac_phongban,solienlac.group_systemadmin_l1,1,1,1,1
solienlac_doituongchinhsach_solienlac_group_systemadmin_l1_18,solienlac doituongchinhsach solienlac group systemadmin l1 18,model_solienlac_doituongchinhsach,solienlac.group_systemadmin_l1,1,1,1,1
solienlac_doituonguutien_solienlac_group_systemadmin_l1_19,solienlac doituonguutien solienlac group systemadmin l1 19,model_solienlac_doituonguutien,solienlac.group_systemadmin_l1,1,1,1,1
solienlac_khenthuongkyluat_solienlac_group_systemadmin_l1_20,solienlac khenthuongkyluat solienlac group systemadmin l1 20,model_solienlac_khenthuongkyluat,solienlac.group_systemadmin_l1,1,1,1,1
solienlac_kyluathocsinh_solienlac_group_systemadmin_l1_21,solienlac kyluathocsinh solienlac group systemadmin l1 21,model_solienlac_kyluathocsinh,solienlac.group_systemadmin_l1,1,1,1,1
solienlac_khenthuonghocsinh_solienlac_group_systemadmin_l1_22,solienlac khenthuonghocsinh solienlac group systemadmin l1 22,model_solienlac_khenthuonghocsinh,solienlac.group_systemadmin_l1,1,1,1,1
solienlac_khenthuongkyluat_hocsinh_solienlac_group_systemadmin_l1_23,solienlac khenthuongkyluat hocsinh solienlac group systemadmin l1 23,model_solienlac_khenthuongkyluat_hocsinh,solienlac.group_systemadmin_l1,1,1,1,1
solienlac_tuyenhoc_solienlac_group_systemadmin_l1_24,solienlac tuyenhoc solienlac group systemadmin l1 24,model_solienlac_tuyenhoc,solienlac.group_systemadmin_l1,1,1,1,1
solienlac_khoi_solienlac_group_systemadmin_l1_25,solienlac khoi solienlac group systemadmin l1 25,model_solienlac_khoi,solienlac.group_systemadmin_l1,1,1,1,1
solienlac_hanhkiem_solienlac_group_systemadmin_l1_26,solienlac hanhkiem solienlac group systemadmin l1 26,model_solienlac_hanhkiem,solienlac.group_systemadmin_l1,1,1,1,1
solienlac_phuhuynh_solienlac_group_systemadmin_l1_27,solienlac phuhuynh solienlac group systemadmin l1 27,model_solienlac_phuhuynh,solienlac.group_systemadmin_l1,1,1,1,1
solienlac_bomon_solienlac_group_systemadmin_l1_28,solienlac bomon solienlac group systemadmin l1 28,model_solienlac_bomon,solienlac.group_systemadmin_l1,1,1,1,1
solienlac_bangdiemdanh_solienlac_group_systemadmin_l1_29,solienlac bangdiemdanh solienlac group systemadmin l1 29,model_solienlac_bangdiemdanh,solienlac.group_systemadmin_l1,1,1,1,1
solienlac_hocsinh_solienlac_group_systemadmin_l1_30,solienlac hocsinh solienlac group systemadmin l1 30,model_solienlac_hocsinh,solienlac.group_systemadmin_l1,1,1,1,1
solienlac_lydothoihoc_solienlac_group_systemadmin_l1_31,solienlac lydothoihoc solienlac group systemadmin l1 31,model_solienlac_lydothoihoc,solienlac.group_systemadmin_l1,1,1,1,1
solienlac_nguongochocsinh_solienlac_group_systemadmin_l1_32,solienlac nguongochocsinh solienlac group systemadmin l1 32,model_solienlac_nguongochocsinh,solienlac.group_systemadmin_l1,1,1,1,1
solienlac_monhocnghe_solienlac_group_systemadmin_l1_33,solienlac monhocnghe solienlac group systemadmin l1 33,model_solienlac_monhocnghe,solienlac.group_systemadmin_l1,1,1,1,1
solienlac_tochucdoanthe_solienlac_group_systemadmin_l1_34,solienlac tochucdoanthe solienlac group systemadmin l1 34,model_solienlac_tochucdoanthe,solienlac.group_systemadmin_l1,1,1,1,1
solienlac_lop_solienlac_group_systemadmin_l1_35,solienlac lop solienlac group systemadmin l1 35,model_solienlac_lop,solienlac.group_systemadmin_l1,1,1,1,1
solienlac_banhoc_solienlac_group_systemadmin_l1_36,solienlac banhoc solienlac group systemadmin l1 36,model_solienlac_banhoc,solienlac.group_systemadmin_l1,1,1,1,1
solienlac_monhoc_solienlac_group_systemadmin_l1_37,solienlac monhoc solienlac group systemadmin l1 37,model_solienlac_monhoc,solienlac.group_systemadmin_l1,1,1,1,1
solienlac_ketquahoctap_solienlac_group_systemadmin_l1_38,solienlac ketquahoctap solienlac group systemadmin l1 38,model_solienlac_ketquahoctap,solienlac.group_systemadmin_l1,1,1,1,1
solienlac_loaidiem_solienlac_group_systemadmin_l1_39,solienlac loaidiem solienlac group systemadmin l1 39,model_solienlac_loaidiem,solienlac.group_systemadmin_l1,1,1,1,1
solienlac_diem_solienlac_group_systemadmin_l1_40,solienlac diem solienlac group systemadmin l1 40,model_solienlac_diem,solienlac.group_systemadmin_l1,1,1,1,1
solienlac_chucvu_solienlac_group_systemadmin_l1_41,solienlac chucvu solienlac group systemadmin l1 41,model_solienlac_chucvu,solienlac.group_systemadmin_l1,1,1,1,1
solienlac_nenep_solienlac_group_systemadmin_l1_42,solienlac nenep solienlac group systemadmin l1 42,model_solienlac_nenep,solienlac.group_systemadmin_l1,1,1,1,1
solienlac_diemthanhphan_solienlac_group_systemadmin_l1_43,solienlac diemthanhphan solienlac group systemadmin l1 43,model_solienlac_diemthanhphan,solienlac.group_systemadmin_l1,1,1,1,1
solienlac_bangdiem_thanhphan_solienlac_group_systemadmin_l1_44,solienlac bangdiem thanhphan solienlac group systemadmin l1 44,model_solienlac_bangdiem_thanhphan,solienlac.group_systemadmin_l1,1,1,1,1
solienlac_bangdiem_solienlac_group_systemadmin_l1_45,solienlac bangdiem solienlac group systemadmin l1 45,model_solienlac_bangdiem,solienlac.group_systemadmin_l1,1,1,1,1
solienlac_danhhieuhocsinh_solienlac_group_systemadmin_l1_46,solienlac danhhieuhocsinh solienlac group systemadmin l1 46,model_solienlac_danhhieuhocsinh,solienlac.group_systemadmin_l1,1,1,1,1
solienlac_nhapdiemhocsinh_solienlac_group_systemadmin_l1_47,solienlac nhapdiemhocsinh solienlac group systemadmin l1 47,model_solienlac_nhapdiemhocsinh,solienlac.group_systemadmin_l1,1,1,1,1
solienlac_nhapdiemchitiet_solienlac_group_systemadmin_l1_48,solienlac nhapdiemchitiet solienlac group systemadmin l1 48,model_solienlac_nhapdiemchitiet,solienlac.group_systemadmin_l1,1,1,1,1
solienlac_baocao_xlhkhshnkt_solienlac_group_systemadmin_l1_49,solienlac baocao xlhkhshnkt solienlac group systemadmin l1 49,model_solienlac_baocao_xlhkhshnkt,solienlac.group_systemadmin_l1,1,1,1,1
solienlac_baocao_xlhkhsdt_solienlac_group_systemadmin_l1_50,solienlac baocao xlhkhsdt solienlac group systemadmin l1 50,model_solienlac_baocao_xlhkhsdt,solienlac.group_systemadmin_l1,1,1,1,1
solienlac_baocao_xlhlhshnkt_solienlac_group_systemadmin_l1_51,solienlac baocao xlhlhshnkt solienlac group systemadmin l1 51,model_solienlac_baocao_xlhlhshnkt,solienlac.group_systemadmin_l1,1,1,1,1
solienlac_baocao_xlhlhsdt_solienlac_group_systemadmin_l1_52,solienlac baocao xlhlhsdt solienlac group systemadmin l1 52,model_solienlac_baocao_xlhlhsdt,solienlac.group_systemadmin_l1,1,1,1,1
solienlac_baocao_thhsth_solienlac_group_systemadmin_l1_53,solienlac baocao thhsth solienlac group systemadmin l1 53,model_solienlac_baocao_thhsth,solienlac.group_systemadmin_l1,1,1,1,1
solienlac_gvdd_hskt_solienlac_group_systemadmin_l1_54,solienlac gvdd hskt solienlac group systemadmin l1 54,model_solienlac_gvdd_hskt,solienlac.group_systemadmin_l1,1,1,1,1
solienlac_xeploaihanhkiem_solienlac_group_systemadmin_l1_55,solienlac xeploaihanhkiem solienlac group systemadmin l1 55,model_solienlac_xeploaihanhkiem,solienlac.group_systemadmin_l1,1,1,1,1
solienlac_xeploaihocluc_solienlac_group_systemadmin_l1_56,solienlac xeploaihocluc solienlac group systemadmin l1 56,model_solienlac_xeploaihocluc,solienlac.group_systemadmin_l1,1,1,1,1
solienlac_hocsinhtruongngoaiconglap_solienlac_group_systemadmin_l1_57,solienlac hocsinhtruongngoaiconglap solienlac group systemadmin l1 57,model_solienlac_hocsinhtruongngoaiconglap,solienlac.group_systemadmin_l1,1,1,1,1
solienlac_hocsinhnutruongngoaiconglap_solienlac_group_systemadmin_l1_58,solienlac hocsinhnutruongngoaiconglap solienlac group systemadmin l1 58,model_solienlac_hocsinhnutruongngoaiconglap,solienlac.group_systemadmin_l1,1,1,1,1
solienlac_giaovientruongngoaiconglap_solienlac_group_systemadmin_l1_59,solienlac giaovientruongngoaiconglap solienlac group systemadmin l1 59,model_solienlac_giaovientruongngoaiconglap,solienlac.group_systemadmin_l1,1,1,1,1
solienlac_khenthuongchitiet_solienlac_group_systemadmin_l1_60,solienlac khenthuongchitiet solienlac group systemadmin l1 60,model_solienlac_khenthuongchitiet,solienlac.group_systemadmin_l1,1,1,1,1
solienlac_khenthuonghocsinh_solienlac_group_systemadmin_l1_61,solienlac khenthuonghocsinh solienlac group systemadmin l1 61,model_solienlac_khenthuonghocsinh,solienlac.group_systemadmin_l1,1,1,1,1
solienlac_diemdanhchitiet_solienlac_group_systemadmin_l1_62,solienlac diemdanhchitiet solienlac group systemadmin l1 62,model_solienlac_diemdanhchitiet,solienlac.group_systemadmin_l1,1,1,1,1
solienlac_diemdanhhocsinh_solienlac_group_systemadmin_l1_63,solienlac diemdanhhocsinh solienlac group systemadmin l1 63,model_solienlac_diemdanhhocsinh,solienlac.group_systemadmin_l1,1,1,1,1
solienlac_taikhoan_solienlac_group_systemadmin_l1_64,solienlac taikhoan solienlac group systemadmin l1 64,model_solienlac_taikhoan,solienlac.group_systemadmin_l1,1,1,1,1
